epoch,critic_reduction: mean-8 - eval/reward_mean,critic_reduction: mean-4 - eval/reward_mean,critic_reduction: mean-2 - eval/reward_mean,critic_reduction: mean-1 - eval/reward_mean,critic_reduction: mean-0.5 - eval/reward_mean,critic_reduction: mean - eval/reward_mean,critic_reduction: edac-halfcheetah-full-replay-230318-212450 - eval/reward_mean
0,-519.1255997,-696.4937924,-717.5354799,-646.7349596,-508.4176583,-598.2865601,-607.5058149
1,-528.9699824,-633.8397428,-636.6749885,-670.5457502,-504.8164487,-572.646786,-579.3364811
2,-480.9922631,-463.4089113,-586.1906183,-729.7538159,-677.2706111,-563.341349,-605.6601683
3,-674.0790086,-635.2962556,-560.6952911,-491.6339237,-1089.312052,-555.3329099,-695.7989729
4,-814.0947861,-536.8722391,-589.8872379,-539.3394601,-1041.391366,-579.8379587,-626.0668667
5,-745.5195002,-584.4065438,-563.6811122,-786.9158386,-889.926215,-578.7085862,-767.1488068
6,-414.3836659,-590.754467,-401.2557464,-1074.813983,-552.9425391,-575.5549039,-430.3101402
7,-570.9071828,-606.8102375,-602.0004575,-1007.569374,-581.7298055,-636.5987288,-423.5012862
8,-589.3854077,-628.637916,-1001.177226,-1015.398215,-660.0691883,-646.6723776,-450.5384086
9,-519.6984516,-691.0621651,-651.4057324,-682.3271259,-538.312398,-616.3052016,-450.3663185
10,-491.8674164,-622.0508625,-463.5380898,-799.7451876,-778.1983137,-666.1477238,-401.476774
11,-577.9737096,-587.1046548,-342.922489,-720.5003741,-811.4121916,-609.358128,-356.1904365
12,-568.2578238,-600.2693993,-261.1415338,-774.2737465,-861.7490517,-606.7605618,-646.1161074
13,-541.3295065,-639.5026152,-389.5982403,-785.5540927,-793.5727413,-600.1877613,-695.0925899
14,-543.0645468,-478.3404463,-591.7086847,-748.2400214,-877.0962418,-627.3531464,-393.129408
15,-563.0843045,-552.6257486,-682.9083198,-826.5491064,-781.5708753,-606.3329484,-435.6180649
16,-587.8097415,-606.7805201,-677.8891499,-893.4278606,-825.6934486,-655.8031031,-434.106077
17,-591.7745125,-614.7557297,-688.5813277,-711.4933945,-947.5138541,-600.1210128,-412.3439988
18,-602.914944,-578.0646468,-774.3213632,-522.2564025,-1019.382366,-603.1284983,-660.102745
19,-597.6646576,-634.1714297,-856.0123267,-504.4187803,-947.3609461,-602.2444264,-534.5647321
20,-595.0242322,-605.7677837,-716.0393926,-502.6117828,-934.8227178,-601.1284225,-594.3564245
21,-597.8099003,-581.6189319,-644.2707985,-536.6356418,-967.4461787,-600.4559398,-709.7376854
22,-589.888862,-606.8939457,-740.5512373,-990.2837574,-937.3015578,-605.2920821,-662.3217051
23,-580.7152559,-492.0946611,-730.5976591,-1025.275606,-966.0907907,-609.2726677,-762.1068484
24,-594.1616399,-621.8173298,-790.1869473,-925.8473047,-1010.397116,-1045.38503,-598.8930664
25,-595.5086948,-567.9435845,-923.5851624,-1003.594496,-1078.972651,-746.3306094,-643.962534
26,-595.9995054,-395.648339,-763.0849885,-970.6615932,-1004.083793,-674.4535982,-675.8209205
27,-599.1087571,-883.5635701,-730.9273556,-967.1793325,-974.5829837,-630.1108134,-616.4463454
28,-597.2372135,-714.1362506,-797.2032859,-917.7718715,-1087.494641,-617.7834152,-584.2917218
29,-599.5876985,-583.6156593,-697.7844569,-957.9842577,-1190.825893,-602.5083072,-566.7904247
30,-599.3750949,-575.5969537,-695.5919608,-600.3532092,-1105.308479,-602.0759127,-546.2507785
31,-596.2668895,-528.7296965,-615.8857192,-634.2847441,-1090.415587,-601.328355,-600.8577624
32,-601.0308494,-452.5136107,-604.6566045,-613.8008852,-1060.008205,-600.4904216,-517.15009
33,-596.0835636,-497.7610574,-562.6736718,-572.8325094,-1013.425048,-601.0693578,-514.5988646
34,-595.5260522,-547.2565142,-431.4360278,-670.0127369,-797.193135,-600.0161458,-490.6172421
35,-596.2344678,-378.7607054,-371.4617605,-595.5652611,-646.1829021,-601.22999,-609.9381156
36,-596.1153515,-437.2871265,-311.3518884,-542.0894509,-599.785298,-599.2911203,-568.3371116
37,-558.1299619,-480.7619481,-391.1376933,-635.8173266,-613.0240398,-598.0527802,-492.2472099
38,-597.2601508,-528.3599636,-175.590335,-700.3310334,-657.6911448,-600.5509799,-499.0403978
39,-599.8005371,-442.1514994,-347.9356779,-673.4162026,-849.4003458,-601.3795923,-499.9583955
40,-599.6891899,-409.3640413,-303.2523091,-619.9476581,-812.5883921,-582.0673734,-497.89023
41,-600.5494722,-425.2920102,-431.4892333,-624.9570538,-1040.171215,-558.6012623,-555.2847123
42,-593.9563013,-521.1298716,-519.562475,-555.8704206,-1051.413186,-513.5244872,-546.4978341
43,-594.8699563,-536.5356846,-540.1046001,-729.8774486,-1032.071368,-213.1528507,-631.0592047
44,-588.8336664,-543.4263078,-466.2218204,-780.30501,-786.7217771,-387.9684163,-599.2051697
45,-602.4667622,-520.2446304,-535.1099376,-664.820196,-909.3359918,-282.6191176,-544.109293
46,-603.5924309,-411.2632603,-566.8650263,-697.3280281,-642.179548,-266.3449302,-644.8518548
47,-603.3932698,-500.4813585,-568.919824,-759.3420066,-634.4923753,-413.7844855,-606.2447366
48,-595.5952244,-283.1506225,-570.9382989,-982.496341,-709.9494684,-432.5375122,-645.5394106
49,-599.0935366,-456.2123857,-570.2829045,-810.3513128,-575.4522664,-473.3947486,-623.8233905
50,-599.7961338,-355.0895242,-568.9912849,-668.4984718,-578.3872237,-395.2758234,-649.5776056
51,-653.1754057,-462.7052704,-558.558039,-737.1583302,-555.1892843,-412.9090742,-845.1838912
52,-611.5738801,-549.1200312,-571.0878433,-665.2220048,-579.970921,-334.3475538,-659.2372904
53,-622.1400773,-210.0203818,-564.9221731,-579.7566171,-573.5475902,-550.0041429,-655.8588659
54,-616.2706581,-300.7867523,-568.1786542,-635.2646926,-592.2746548,-522.2274246,-623.6841845
55,-640.4000186,-96.79778654,-565.3665926,-713.0923714,-584.9690135,-383.7651748,-575.8393276
56,-622.7342184,-203.3828722,-558.7435381,-723.3284861,-554.915626,-608.7090634,-601.6895049
57,-621.7709312,412.0391339,-550.680673,-528.9149036,-567.9391656,-553.2712059,-593.1021153
58,-634.8180664,29.20363746,-563.8235887,-600.1137212,-594.2323238,-357.1472896,-600.7832514
59,-596.5506265,193.821976,-557.9890506,-678.2950301,-573.3820558,-573.7998713,-602.5587049
60,-611.0987763,42.76554169,-556.1925382,-652.9073035,-568.9429391,-561.2651558,-546.5896596
61,-612.3317685,-151.7956534,-552.2205825,-667.5631633,-543.2997335,-473.5348024,-594.3221662
62,-596.0100512,-30.66246799,-553.6100604,-711.2768797,-599.4990649,-613.0960426,-595.4936115
63,-598.2260966,-173.0465412,-554.4900282,-710.3827624,-573.6199564,-527.7460315,-592.3086299
64,-599.780065,-37.86720452,-557.6191815,-801.3037844,-592.7385614,-604.0057975,-575.6761319
65,-606.965807,-135.0941694,-559.3717704,-605.2559584,-592.1743264,-607.1031686,-511.6951041
66,-623.8591192,-226.0377884,-560.7703233,-701.2456116,-589.2654222,-600.6361185,-554.8698172
67,-608.8506429,540.6255293,-564.3846548,-786.8764362,-590.6267565,-601.1218987,-568.83637
68,-602.6103203,-97.70964,-578.3208665,-766.3727437,-585.465442,-604.288501,-570.7223295
69,-602.2489209,51.54216716,-564.6910317,-658.7388444,-552.6756791,-607.3516849,-560.5897689
70,-599.1774549,209.4979964,-593.6402927,-737.7305039,-572.1623127,-602.2445073,-557.391502
71,-588.8717962,298.1033361,-585.8313897,-660.9067273,-591.1794695,-599.9427226,-580.3900914
72,-446.5072756,609.0888531,-601.2041652,-617.3879378,-572.9242369,-601.4209752,-592.8504489
73,-622.1472204,184.0025239,-600.5200917,-708.9079512,-576.7410826,-597.3137799,-575.330805
74,-458.4872114,712.2341015,-600.5070676,-539.266059,-587.577643,-606.0597888,-543.6802364
75,-647.8296907,862.1362638,-604.3531354,-473.4615152,-571.2241917,-585.8253867,-595.3055679
76,-615.0045859,1035.092979,-600.1889182,-522.7386718,-597.4923427,-590.2844806,-566.5066465
77,-528.6947178,908.5232452,-601.0608252,-746.899398,-563.678722,-599.4552571,-590.8834621
78,-658.0299462,332.8411593,-601.0851604,-585.8735045,-721.063163,-662.3584061,-594.4470819
79,-339.2687875,3707.484977,-607.0044454,-641.0283596,-1004.614803,-535.5608534,-601.3704829
80,-803.9723296,2337.031743,-600.7112323,-652.513955,-1099.63773,-595.3139322,-583.3920755
81,-668.4188,4511.762749,-603.8223793,-672.0938603,-1203.682358,-750.9048817,-603.5644579
82,-613.7157924,3688.210857,-600.0284146,-702.5645133,-1374.165845,-755.9188924,-578.4151672
83,-516.7102682,4529.595457,-597.9577035,-669.5944566,-1261.295735,-882.6000773,-589.267767
84,-240.3986314,4573.285569,-598.7553736,-607.7637038,-1038.716207,-850.7368217,-600.1411778
85,-300.3919753,4467.228633,-597.9784047,-510.6365834,-1143.054642,-852.8746089,-568.3809714
86,-410.0402928,4438.803503,-593.8775084,-337.9538366,-1262.285563,-917.4833366,-565.8613175
87,-180.3213408,3939.884284,-597.2371366,-404.1002499,-922.1617126,-875.0135767,-525.0141782
88,-297.4805668,3942.704631,-598.4441943,-99.83506737,-555.2621816,-909.9254237,-589.0157278
89,40.10699015,4180.286431,-599.2965867,-187.4045124,-669.3261073,-920.1449494,-596.6294822
90,-176.9753945,3941.428459,-600.7970801,-40.63928141,-714.9955743,-921.1304113,-587.4862671
91,-118.5026225,4081.997162,-597.5825833,127.2100537,-680.6083025,-934.6817895,-568.506698
92,-220.8857389,3757.322598,-597.6372746,-19.39320461,-713.0369166,-718.5349899,-569.6712993
93,-144.4173547,3359.887118,-597.0942927,-259.9516091,-728.4802915,-553.6779494,-555.1665395
94,153.8667364,3561.643957,-598.0103188,213.2385238,-721.3865279,-690.7475183,-568.2867469
95,20.60288757,3668.548681,-598.9307218,221.8726508,-799.4591798,-504.8068206,-549.0432171
96,181.7514486,3514.796863,-596.9573364,140.265131,-819.4966867,-512.7925503,-565.3037336
97,6.575000234,3393.4921,-597.1221202,151.7790776,-936.4233546,-553.2251027,-572.1598962
98,279.0322627,3209.90806,-596.3632427,295.0338015,-759.882159,-490.675734,-576.1734007
99,87.6765907,3081.398982,-597.2883535,288.6999666,-890.357252,-1216.028519,-554.9033475
100,191.7282774,3099.291305,-597.6126931,439.8125946,-761.7751021,-1686.507167,-561.5972325
101,-108.0405716,3204.169693,-598.1415573,348.0647854,-944.77106,-1363.110877,-550.3464048
102,98.54402782,3143.18191,-597.6453337,608.9123681,-810.1577053,-1452.609078,-535.3977576
103,-90.56537367,2937.184316,-597.9406575,183.7393537,-970.0666007,-1776.842675,-566.890107
104,-263.5884867,2881.38205,-598.2529825,530.2695041,-920.7742795,-1723.199683,-570.0634219
105,-546.6827597,2942.119393,-597.3302228,497.2495553,-911.2467233,-1677.918624,-585.9767566
106,-560.0590077,2934.516838,-597.1805038,794.3692437,-916.2166846,-1677.491009,-556.1562539
107,-600.0264732,2969.468096,-598.2412152,354.7719778,-861.3333838,-1278.478833,-571.5118485
108,-600.9782122,2699.028806,-597.0345005,528.2444655,-921.5217149,-1222.832262,-393.1680105
109,-600.287167,2330.555645,-598.1479481,720.9095829,-751.1940523,-1628.519314,-564.5104285
110,-601.7760928,2184.422436,-595.1691795,959.077984,-838.5402412,-1341.382388,-583.4119272
111,-602.300765,2142.452165,-594.7307996,1110.076762,-879.2563414,-1535.919195,-573.3290015
112,-603.5369816,2343.931729,-592.5257643,743.0169081,-835.0024941,-1641.784216,-520.7175283
113,-602.9678614,2326.554057,-597.1170698,724.9856761,-809.1834562,-1588.664057,-597.954382
114,-602.5584364,1524.602072,-595.2241481,987.6906535,-781.6058049,-1764.807389,-555.1765545
115,-604.1648334,2715.850715,-522.9037462,742.8855251,-750.5123523,-1691.631927,-466.5632526
116,-603.5499762,2528.735501,-593.3545642,899.7268212,-776.3266101,-1761.775989,-486.5506125
117,-603.1086237,2707.996558,-591.4762997,1059.067028,-720.8959979,-1560.18558,-458.7120571
118,-603.5684019,1958.559046,-595.5823865,844.4651767,-603.7581514,-1503.214398,-583.1778999
119,-603.6378432,2621.671421,-593.4998778,1088.410898,-370.306849,-1702.11184,-527.4575321
120,-603.4552617,2665.506742,-593.9077901,1363.523914,-455.7657708,-1517.6305,-585.2553849
121,-602.5489823,2714.857231,-595.1813384,1622.803189,-644.8650315,-1478.954359,-541.5272758
122,-602.4261217,2586.555434,-595.6176834,1399.809235,-556.1041649,-1539.389798,-599.2806944
123,-603.9579288,2437.657761,-598.5243315,1040.740195,-587.7674062,-1583.04099,-478.989065
124,-603.165948,1959.058019,-593.7491041,1692.215201,-520.1349767,-1614.831043,-596.3421928
125,-602.6400985,2408.237084,-592.6912428,1986.267497,-474.7630946,-1535.726464,-484.6269664
126,-604.3986587,2432.181503,-592.4851714,1876.144034,-576.7336245,-1607.289138,-564.1294123
127,-602.9264609,2551.885068,-589.430321,1287.838529,-385.5196316,-1620.676737,-585.6382865
128,-602.8241452,2491.028852,-591.9727445,742.119784,-304.8441346,-1439.784706,-528.3869964
129,-602.8167782,2315.84724,-541.7589567,1412.490265,-472.3434513,-1652.399758,-584.0800209
130,-602.1057913,1609.423498,-516.3105597,1545.195229,-369.8263144,-1355.375696,-585.362417
131,-602.8269883,2371.060839,-487.783867,1387.297578,-332.7845229,-1351.877308,-502.878348
132,-604.054423,2194.086016,-577.9987643,1233.096921,-500.8483209,-1070.405727,-482.3510296
133,-602.9497714,2084.764035,-537.312225,1791.570318,-358.6813259,-959.9489325,-577.2418508
134,-603.2926284,2297.058464,-431.3744735,1750.089993,-422.3409678,-1095.18872,-372.6298457
135,-603.6813583,2119.582945,-321.7671598,2747.522551,-427.810337,-850.5028127,-229.4443748
136,-602.4429513,2210.5653,-295.1904949,1655.220975,-224.8735755,-863.0261131,-467.8452723
137,-603.6296419,2526.504423,-580.1008022,1823.195507,-371.7712149,-800.36353,-422.4474954
138,-602.6431038,2116.983012,-518.8834566,2228.364417,-346.4039418,-394.4652859,-493.2105652
139,-603.0691357,2254.270052,-433.909394,1425.248818,-417.5497747,-566.264487,-404.8499234
140,-603.2479239,2224.180119,-371.2844203,2665.815317,-446.638075,-446.0877967,-398.975126
141,-603.2868143,2451.611746,-540.9247317,2395.884711,-522.8616515,-721.009684,-513.7739418
142,-603.812846,2211.133804,-353.9008874,2025.305759,-359.022032,-631.483912,-505.0091877
143,-603.4204138,2173.798602,-445.5140531,1764.707164,-447.6542402,-596.4808443,-222.164172
144,-603.5953019,2265.635348,-439.7636012,2284.963849,-120.0414624,-557.1931334,-142.7931868
145,-603.3532224,2387.228674,-510.5452583,2945.992647,-242.722494,-586.445421,-361.4222694
146,-603.3085839,2204.767589,-455.5622598,3205.855245,-270.7687647,-592.9106963,-607.5112541
147,-602.4804298,2315.677261,-570.8993059,2238.856856,63.50386481,-594.2792802,-488.7308862
148,-603.8174231,2446.393042,-761.683106,1831.828341,-332.7931431,-592.7131001,-585.1043422
149,-602.8211957,1843.146455,-726.8416975,3246.308484,-273.8779705,-601.7352173,128.327498
150,-602.3594432,2180.524787,-620.2318998,3376.977164,-410.1329259,-587.3005727,924.3086918
151,-602.5949334,1870.961674,-619.5203061,1970.169617,-202.0054632,-583.1095901,2360.739435
152,-603.4051695,2266.150918,-591.212184,1953.90987,111.7919606,-598.8314833,1361.525239
153,-602.5613665,2140.356456,-644.6451199,3635.84271,57.28160191,-595.0543026,1680.760201
154,-602.4016055,2382.245352,-494.4946522,2802.499182,152.2222424,-594.1582618,1302.708315
155,-602.8073345,1872.690692,-438.0682773,1825.608498,14.514899,-596.7909006,2169.984609
156,-603.6529555,2287.503752,-345.8466266,2600.860916,-10.7427257,-599.4584857,3349.296291
157,-602.706652,2368.682331,-495.3269423,2548.577916,30.28708626,-590.2336896,4059.154521
158,-603.159936,2285.412036,-422.8874914,3140.550682,238.0434532,-597.9173419,4097.062337
159,-603.1092693,2237.147135,-520.9730168,2727.883188,222.7279015,-599.0891005,3534.336901
160,-601.5618158,2237.492798,-358.4788908,2873.489495,-137.7956784,-596.4861838,3501.153996
161,-602.9913905,2312.403406,-450.1676615,2767.455582,306.5308383,-598.1696056,3588.527436
162,-602.8783605,2309.324839,-295.8203045,2486.252791,21.83943715,-600.13279,5156.298302
163,-603.0172796,2373.054646,-450.6966605,2857.691139,-42.57577196,-598.0893566,5131.764351
164,-603.3323156,2475.372217,-222.8862965,2837.924757,267.079911,-599.8639667,5141.279624
165,-603.4855498,2394.536712,-247.935557,1637.951568,647.0998383,-599.872784,4891.43863
166,-602.4915544,2188.288502,-140.9665305,530.2256265,-115.1387005,-600.3244977,5328.221118
167,-603.7814123,2352.486172,237.8585494,3202.637362,392.0473853,-595.8657306,5395.779539
168,-602.6223106,2411.576129,-327.2178799,2780.530121,394.9145559,-599.9486011,5260.23111
169,-603.433357,2327.154174,294.9641792,3264.255018,340.1027895,-597.9790989,4332.814493
170,-603.3792586,2378.339465,-482.2565652,2570.70443,294.5865163,-598.9315141,5494.864771
171,-602.9378263,2256.688366,71.34177098,3085.590317,150.7260804,-598.4013027,5225.237075
172,-602.3106506,2354.564508,16.56285145,2460.902609,99.64417985,-598.9345456,5267.457551
173,-603.1631001,2543.086093,126.4456874,2932.736526,584.8333644,-599.1488894,5459.866526
174,-603.2777907,2512.754926,226.1542941,2603.685795,-92.94394086,-599.6688196,5630.947294
175,-603.0847179,2547.925747,-114.7778314,2734.14034,648.9695747,-599.5491275,5287.548347
176,-602.0742046,2412.541625,225.4386901,2899.909064,417.3856941,-598.7578001,5423.519917
177,-602.9898669,2612.977991,-88.44110398,3622.183201,191.9319099,-598.7205158,5298.825254
178,-602.6914273,2637.721336,123.2455616,2552.675426,56.75758802,-599.1554444,5330.382526
179,-603.3932644,2604.349114,-69.45361749,2508.367788,772.4481251,-597.4770425,4963.531685
180,-603.275612,2702.917208,244.9410501,2766.13419,681.1578083,-596.3569258,5429.500014
181,-602.2059902,2644.776226,471.0988836,3183.60475,295.3259659,-599.6430043,5182.88165
182,-603.3429511,2005.965973,1384.616696,3930.266054,667.0058329,-597.216951,5268.493768
183,-602.9761372,2675.545161,1670.814574,2922.993247,231.7255076,-596.0151928,5301.402025
184,-603.6685415,2759.452471,1284.885916,1633.22586,322.962556,-599.2681248,5078.842225
185,-604.4192333,2698.959755,994.3109407,3130.890768,456.6974076,-597.6122142,5119.733031
186,-602.9840037,2839.095884,1337.686848,2343.737157,457.5905054,-599.0637091,5392.735
187,-603.6173665,2727.375072,1724.933719,3424.738286,268.5594139,-600.5427949,5203.625247
188,-602.0606225,2839.004214,2965.057859,2573.858154,110.0758053,-600.4350224,5058.960105
189,-603.8298427,2209.815886,2025.944746,3012.486069,732.9046412,-599.2312511,5211.853579
190,-603.0278818,2834.951702,2461.945295,3751.809204,325.867523,-599.1917158,5281.512435
191,-602.5744673,2771.298373,1399.195181,2326.697895,-156.3445521,-599.5717038,5095.812475
192,-602.8918486,2834.402729,2051.434865,3586.648165,428.3616395,-599.7931309,5059.531674
193,-603.081012,2831.948588,1813.528579,3215.376551,319.6522255,-598.6246806,5473.773603
194,-602.9542943,2821.320236,2391.864367,3343.847351,148.7041249,-599.8331999,5125.880498
195,-603.9212736,2928.410152,2331.644965,2954.486821,132.8831903,-600.7009482,5014.811879
196,-602.6696011,2871.430969,2935.7268,2394.25667,476.3727927,-600.519037,5140.491223
197,-603.7538909,2801.686256,1067.570486,3071.693218,-41.70555711,-599.8220474,5105.284116
198,-602.8474404,2945.549944,1331.082863,2253.478306,515.3621727,-598.8764072,5268.578602
199,-603.0074147,3001.184987,1889.822632,4051.329122,52.23212619,-598.3284714,5103.888204
200,-603.4240286,2989.515002,2561.941962,2236.944095,572.1291512,-598.6244722,5468.055833
201,-604.1159777,3023.326939,3042.042992,3252.226804,-19.16385647,-598.4252594,5214.215994
202,-603.8062429,2957.077827,542.5567793,4244.115496,417.0438024,-600.2621971,5268.328747
203,-603.3906188,2940.202078,3015.392658,1522.510037,-205.9595545,-598.7059751,5087.549056
204,-602.713902,3129.956855,795.3111748,3011.610638,361.0808108,-599.1194602,4995.414832
205,-601.9001595,2933.455178,2913.786373,2753.913696,21.84262081,-598.614392,5345.228679
206,-601.8208752,2926.5897,1899.314654,3567.202868,-10.67795578,-599.4875163,4952.993072
207,-602.4610604,3012.9871,2570.302241,2684.785258,185.6342553,-599.0148082,5062.117857
208,-602.5837514,3019.703057,459.9607639,2841.885078,42.10119428,-599.9229006,5368.925949
209,-603.8439642,3013.977669,2531.849896,2350.812756,395.1234546,-599.5542171,6889.113202
210,-603.3977341,3093.442661,1493.182421,1629.282982,65.95227177,-599.0312951,7043.744504
211,-602.7112983,3126.05008,1192.345066,2112.703671,32.52366483,-600.0311186,6730.427442
212,-603.605463,3195.59713,770.7431438,2261.41308,165.9868443,-599.0747126,6662.336863
213,-603.5656671,3291.005598,1203.013994,3503.939756,172.8505218,-599.4096385,6667.57977
214,-603.4311105,3094.350011,1406.12136,3590.905093,294.2495146,-599.0502957,7056.757672
215,-602.8142111,3107.413876,3087.826497,2055.18107,-404.1799249,-600.6954374,6860.20005
216,-602.4910482,3139.330197,1985.574388,3175.107496,-14.55696489,-600.1480931,6703.183647
217,-603.3612366,3295.761539,903.4544058,662.2996862,8.82456122,-600.2275639,6694.740691
218,-602.5308661,3252.783839,826.8864358,3607.862377,730.6172526,-600.2096722,6960.607517
219,-603.8298469,3143.09072,850.9934256,2895.453305,602.4902227,-600.2015097,5083.706881
220,-603.5208656,3324.544225,2863.785601,3326.256395,320.5978403,-600.2081922,7032.639039
221,-602.9486447,3127.062431,1077.005635,2125.750724,695.0830575,-598.8377332,7082.3447
222,-602.7474198,3356.930908,1527.445607,3606.894267,670.272581,-600.5228964,7101.196063
223,-604.5838539,3280.228503,2326.951383,2157.491831,911.1888259,-600.1771702,7223.07424
224,-603.4249223,3290.605203,815.8486872,3672.649879,1824.05702,-599.9450019,6011.134038
225,-603.4798937,3279.54824,2134.493231,3397.995904,533.6369507,-599.866212,7277.531835
226,-602.6414825,3333.011231,1202.170295,3129.969301,814.4561296,-599.0158855,6219.780617
227,-602.6241813,3237.197426,3215.321036,3074.368224,783.0023093,-600.2002967,7072.753376
228,-604.1832095,3461.483174,1429.477553,3965.917482,3058.932792,-599.8029643,7324.862456
229,-602.838591,3259.057095,581.6136922,1334.589869,1957.89899,-599.4644074,7216.138155
230,-604.0495475,3342.837531,1318.532135,3185.463115,1698.304584,-599.8506823,6089.475874
231,-602.581454,3444.715085,2313.160204,4437.996559,1886.743237,-600.144408,7784.69998
232,-602.8928696,3300.70213,3186.171547,3464.217731,1031.00308,-599.5655298,7388.633661
233,-604.2299411,3327.239932,2237.151008,3890.030794,1605.004216,-598.8657367,7577.62138
234,-602.6996803,3386.161392,1000.913464,1414.075933,1976.295111,-598.7076805,7411.434319
235,-603.611257,3312.75799,2964.055222,3468.393767,1437.453516,-599.6307418,7345.176082
236,-602.0959369,3415.843271,1928.404371,4027.104433,1785.905779,-599.3524824,7285.087886
237,-602.8747348,3368.833678,1328.508586,2599.869335,1324.996716,-600.3311962,7942.412756
238,-603.9200112,3422.577701,1176.162114,2331.550145,1548.258443,-598.2061486,7590.667842
239,-604.4587792,3539.796048,2980.542898,2606.498046,3158.086062,-598.8917014,7551.463962
240,-604.0750433,3463.828396,2206.359439,3232.978694,1476.111497,-599.716093,7626.314012
241,-602.9718952,3521.792179,3417.868539,4310.221283,1104.848901,-599.8727142,7689.303384
242,-603.7144195,3570.628897,2081.752237,3221.859463,1913.679215,-598.6234444,7738.095585
243,-603.166595,3575.004101,3100.174179,3558.61792,2175.609555,-599.354198,7662.819503
244,-604.6444424,3593.837186,1227.359069,2921.86881,1377.902027,-599.1740571,7830.05781
245,-603.1452303,3421.580092,3324.434364,1784.890738,3110.571412,-600.1933889,7983.635824
246,-602.6302623,3497.987406,3627.926996,4343.732894,3904.272396,-599.9700131,7621.850496
247,-604.0384815,3507.769732,2442.252881,2876.337354,3540.509917,-598.0924161,7957.899505
248,-602.8292233,3570.058408,2097.940852,3463.936744,2702.244896,-600.0752161,6958.099188
249,-603.0917524,3580.196301,2812.256327,3867.852741,2061.151219,-599.2668534,7535.649739
250,-603.876978,3568.629945,3878.730186,3544.894988,872.307871,-599.9237998,7919.067966
251,-602.8224352,3687.570905,1956.296913,3937.150657,2269.043614,-600.2635354,7894.245507
252,-603.2752801,3502.623965,2948.963105,3462.162374,2783.558606,-599.8616933,8174.307313
253,-603.098332,3437.228874,2776.837636,2990.124473,2331.07981,-599.3041709,7812.362842
254,-603.4942509,3471.388166,2464.883213,3369.959593,3004.992859,-598.8013077,7716.485436
255,-603.2293546,3683.067981,3839.675968,2018.16161,3089.638009,-599.5442483,8137.892857
256,-602.8159365,3550.460417,3418.227983,4034.493137,2092.475229,-599.6325053,7843.982569
257,-602.2200005,3456.382485,3833.651011,2190.647592,1441.838545,-599.5667703,8099.508624
258,-603.2986423,3624.935642,3463.928704,2545.17731,1101.928257,-600.3185041,8221.224302
259,-603.7368977,3587.348479,3152.641104,3338.144794,2323.479591,-599.6896203,8250.944579
260,-603.1437922,3600.818334,1663.261106,1376.411176,2656.943501,-599.6680041,8241.913314
261,-602.915058,3774.50253,1850.365713,2682.986569,3056.513514,-599.3993203,8371.548961
262,-603.0396095,3736.574295,2575.443539,1759.47116,2134.750115,-599.101332,8297.744494
263,-603.6506612,3697.791954,4095.713807,3165.842219,2502.703967,-596.9276655,8005.389707
264,-602.9814323,3706.213361,3208.577677,2880.35547,2883.695677,-599.5112077,8139.992199
265,-603.9883365,3822.133316,3344.213188,2154.914153,1917.057205,-598.7107017,8017.610545
266,-602.6405362,3756.072517,3544.663522,3379.081693,2438.721778,-600.9972464,8281.1798
267,-602.7262685,3712.405571,3305.582349,3166.98879,2904.999402,-599.516283,8359.152718
268,-603.0071285,3778.753134,3154.592495,2846.07442,1973.241709,-599.1485838,8406.668833
269,-603.2811745,3829.026893,2944.275174,1789.702972,1836.305352,-599.6842446,8385.664625
270,-603.6390987,3860.025343,1045.14533,2500.957708,2356.495448,-599.9928666,8407.983993
271,-602.9522918,3782.178859,3720.505798,1877.994413,2063.679544,-600.0927634,8522.094384
272,-603.3431348,3855.973651,3106.238581,775.6901327,1862.065467,-600.2580571,8390.95355
273,-603.5059166,3666.409211,4029.954078,4126.557833,3483.344408,-599.6562103,7965.190507
274,-603.5219724,3831.508133,4103.483509,4516.374787,905.7968386,-600.0371967,8501.793741
275,-603.0847455,3791.58997,3846.225634,2908.838037,2848.92011,-599.9668743,8272.23644
276,-602.5753742,3890.145252,3661.162557,3828.320608,2153.515709,-599.8627577,8514.209819
277,-602.7660586,3983.554212,3943.465674,2446.208274,1942.821517,-598.4797525,8607.427404
278,-603.6818318,3894.498978,1857.731605,2192.587028,3771.842711,-599.8520674,8730.359462
279,-602.5932561,3827.552329,2770.924386,2186.061131,1840.44999,-599.8258419,8646.24473
280,-603.4620156,3862.751351,3172.185684,2678.325992,1522.737445,-599.7766398,8719.715061
281,-602.7480693,3919.017467,4349.874399,3738.87923,1957.387361,-599.2839896,8455.764628
282,-602.7634697,4021.340277,3128.82753,3581.509442,2295.171997,-600.6119897,8592.665479
283,-603.0540031,3937.312393,4044.88824,3696.611554,2887.605708,-599.719278,8681.51356
284,-602.0480136,3818.000596,2748.355706,1719.077112,3164.624522,-598.950463,8778.710044
285,-603.2282268,3852.295377,3617.325975,2895.406432,3048.117545,-597.9031608,8507.64765
286,-603.4313516,4163.606238,1745.904297,3051.058186,2129.404595,-599.8596372,8831.105909
287,-603.0491332,3794.522404,3548.870731,3095.143527,2098.791685,-600.0703993,8662.334958
288,-602.4638606,3938.752481,2679.325228,4342.279363,2916.470419,-598.5456907,8705.896667
289,-602.0529015,3919.475672,3411.729414,3709.919121,3267.090752,-598.8528316,8396.840315
290,-601.8944849,3854.378367,3723.850582,3049.702319,2700.696768,-599.5222891,8666.335868
291,-602.6062029,3970.672028,3631.941576,2485.554235,664.6105506,-598.8809797,8755.29604
292,-602.7260217,4038.788916,4219.613377,1858.601435,2958.653892,-598.0844937,8873.965237
293,-602.8720409,3997.796106,3106.97951,2046.975953,3089.173942,-600.7730975,8564.597172
294,-603.118715,3904.40137,3553.248597,3100.510298,3552.826555,-600.6594807,8594.583544
295,-602.0808814,3962.895589,2200.973208,3652.682983,2182.21872,-599.0005194,8722.235122
296,-603.0784618,4183.060734,4249.621833,3914.287214,2331.420502,-599.2559495,8682.575553
297,-603.5015639,3959.065335,4123.304892,4389.232842,4163.03957,-599.0867137,8563.502235
298,-603.8982627,4296.210395,4075.43996,2972.470431,1626.642037,-598.4353967,8621.674984
299,-602.2486423,3782.978114,3808.89402,2535.085931,1930.555012,-600.3424372,8745.465223
300,-603.1383772,4233.659695,3946.419538,1671.001574,4627.537069,-599.1383359,8696.243585
301,-604.6440477,4080.797109,4156.737501,3255.813723,1967.406402,-600.7347,8662.275951
302,-603.9406518,4178.069334,3603.57831,3616.643546,2887.897138,-599.1698859,8577.75637
303,-602.2350347,4105.873445,4015.003229,3974.585391,2508.404983,-598.298245,8575.424398
304,-602.4664553,4227.089411,3881.705716,2365.246948,2939.964449,-598.1357727,8710.942736
305,-602.7629033,4062.108827,4359.083119,1469.598363,3201.654479,-599.074038,8544.019501
306,-602.9133336,4256.727852,2053.825367,2720.859039,2697.267999,-599.2563183,8570.244381
307,-603.5305088,4268.84713,3533.86469,3270.603869,2853.865619,-599.4523801,8713.814025
308,-603.0674101,4154.819602,4321.285828,4337.81856,3787.25818,-599.3164773,8774.13877
309,-602.7480808,4183.315928,4575.138223,3515.192074,3112.366636,-599.3065995,8951.704091
310,-602.4002155,4069.450609,3366.44069,3812.158617,3282.984568,-598.4929482,8744.663267
311,-602.7699552,4132.382282,4444.089058,2594.283568,1781.342654,-599.3555463,8589.058159
312,-603.5881203,4212.771046,4228.701041,3014.843742,3691.591447,-599.3512847,8877.277862
313,-602.3817818,4168.315289,4254.324768,2937.689073,4024.50543,-599.3981599,8825.039003
314,-602.3713864,4356.132363,3836.793426,2620.315415,2004.191936,-599.343396,8944.300726
315,-601.8510499,4159.243975,3424.886784,4106.468034,2281.143778,-600.1040907,8829.232167
316,-601.8613022,4176.462229,3622.498403,3149.093089,4015.278943,-600.5474447,8946.021151
317,-602.4818184,4139.911537,4301.47941,3689.454047,2304.549688,-600.0399233,8853.325146
318,-603.1551796,4090.285073,4068.016956,3023.613913,2816.414047,-600.7369715,8958.020065
319,-603.8307212,4196.777238,4247.321735,2769.138822,2662.980573,-599.8762364,8762.162963
320,-603.5454471,4221.702937,4330.783993,4343.209272,3575.057415,-599.8362116,8791.456178
321,-602.3465164,3996.688409,4059.877541,2945.259652,1425.964676,-598.6686486,8842.556432
322,-603.185152,4241.797088,4144.275302,3433.064342,3399.609497,-600.2770376,8978.236397
323,-602.4933197,4345.445335,3871.793067,2990.174404,2659.865434,-600.541282,8948.932904
324,-604.2670951,4391.426802,3517.741017,2671.51016,2921.314437,-599.537562,8908.876718
325,-602.3592998,4207.700695,3366.995606,4064.358217,3614.705309,-600.1162811,8465.525298
326,-603.4736233,4072.906957,3721.441213,3641.167875,3950.789291,-600.3819777,8966.118092
327,-604.4258038,4300.975116,4439.358923,1945.158798,2644.265915,-600.1561756,8900.132659
328,-603.5961975,4324.734578,4085.521242,3858.13193,3157.353039,-600.2082858,8804.947927
329,-605.876507,4492.402536,4511.054597,2938.480663,3518.605985,-598.5625656,8908.315154
330,-603.6818236,4207.97706,4289.054364,3951.466721,3983.503232,-600.2499393,8781.414602
331,-603.0569798,4240.95761,3236.426403,3226.46047,2070.756548,-599.5101284,8978.431776
332,-606.4138868,4230.418122,4288.733312,3220.084246,1962.622732,-600.77532,8944.324875
333,-604.9973165,4328.932904,3731.963479,2877.994163,2379.368927,-599.9616717,8961.486302
334,-607.4425065,4371.134439,3252.916768,3575.620153,2411.144064,-600.8289714,8823.072239
335,-606.2484274,4362.455504,3327.725781,3872.42655,2469.147291,-599.9465695,8936.642123
336,-606.2738417,4231.814276,3837.833087,2862.267948,849.187412,-600.5033487,8915.226455
337,-608.0074166,4360.35783,4273.001699,4403.50647,2745.794497,-599.6326879,8848.510364
338,-609.3976944,4379.948547,4367.604873,1862.387854,3526.219175,-599.8410035,9052.180945
339,-611.4800037,4323.647915,3840.021758,3346.706448,3142.896888,-599.5916894,9034.261547
340,-608.4412399,4327.198043,2627.928023,4962.048638,3059.061174,-599.3427877,8807.73127
341,-605.6539503,4137.487171,4460.558783,2318.345366,4672.988967,-600.2023891,8846.379089
342,-610.1921827,4341.255857,4313.703927,3907.882224,3200.268091,-600.6295429,8641.878007
343,-610.4724109,4193.656972,4787.974959,4093.148976,1978.50416,-600.2871216,8946.499879
344,-608.7273953,4341.026428,4181.043416,4080.12393,2918.764854,-599.3582279,8713.520918
345,-609.7085058,4289.589973,4152.781677,2522.941931,3636.529971,-600.3297789,8993.632448
346,-609.5013494,4180.672946,4031.932205,3888.323121,2280.242641,-600.1855179,8871.977179
347,-605.2518715,4269.005579,2791.448937,3638.345187,2645.495369,-599.8339931,8712.876766
348,-606.7747935,4269.420961,4424.017468,3649.512671,4113.10809,-599.6675265,8891.443631
349,-608.7580592,4278.692834,3046.528166,3706.012859,2027.165281,-600.3072717,8823.22701
350,-607.3544243,4168.794291,4506.20212,3508.46563,4728.044991,-599.4448191,8891.092143
351,-607.6270982,4280.844399,3298.329385,3964.072547,3626.404395,-599.0855105,8789.281633
352,-607.5739226,4263.881776,4513.035332,2411.677175,3915.202619,-600.101503,8708.738201
353,-603.6187237,4106.326107,4358.7666,3879.776655,3598.586178,-600.652343,8913.436846
354,-607.627392,4291.055812,3523.430022,4081.896633,3242.789114,-599.571985,8966.031636
355,-608.0644848,4500.93657,3685.858823,4155.004834,3768.59489,-598.3062245,9105.42924
356,-608.9763321,4253.844659,4531.01664,3498.462741,3755.634197,-599.9051825,9032.466211
357,-608.547811,4328.067071,4349.610299,2646.109582,3607.577283,-599.0044574,8765.465614
358,-609.162415,3969.046207,3266.694742,3315.362797,3979.776067,-600.0798508,8712.080682
359,-601.9289044,4391.311388,4256.087145,4070.450451,3152.35228,-599.8469632,8409.751805
360,-606.5998411,4298.270141,3773.023775,3673.332744,3412.458718,-599.5111281,9010.061007
361,-604.7121067,4289.91992,3231.62167,4366.592236,4305.178534,-599.9773154,8696.769856
362,-602.4916725,4314.508768,3924.465914,2921.447338,3527.714505,-600.8662898,9027.894155
363,-599.6533482,4521.479313,4572.863082,3926.234668,4018.321613,-599.0198415,8943.64898
364,-601.752918,4293.935563,4503.485525,4348.909871,2880.937152,-599.9974484,8744.966863
365,-599.0285649,4297.265112,4760.1237,3604.182021,3673.614483,-600.6413691,9067.919772
366,-597.2179224,4428.255022,4019.799693,3063.455429,2535.567107,-600.3512722,8859.717351
367,-593.0741385,4325.078636,4481.64639,3719.589814,1809.183502,-599.5643135,8733.558251
368,-588.9832545,4435.469361,2655.84544,3258.804035,1336.029187,-598.1403157,8920.094925
369,-588.8291897,4289.80032,4586.496793,2470.290471,2412.807924,-600.3634688,9035.472116
370,-594.5364186,4131.125844,4469.113349,3715.067312,3272.47417,-599.7475635,8874.681758
371,-590.7074188,4410.784217,3705.010896,5066.536274,3565.227105,-600.3173375,8914.508781
372,-596.2941832,4529.022297,4129.500005,2338.35791,3485.939835,-600.1861138,8994.107828
373,-594.2954261,4136.052576,3945.15713,4292.593168,3912.387044,-599.8922086,9167.135349
374,-593.1054484,4491.43504,4417.909814,4551.352841,3738.894169,-599.2574865,8955.120162
375,-590.6266055,4435.889948,4540.577468,3151.499476,4401.107065,-599.9691743,8729.03276
376,-592.9473931,4329.971323,3675.568989,3220.101657,4518.948315,-599.4584163,8841.810019
377,-594.4295158,4218.409353,4517.860084,3937.888575,3654.097372,-599.4231319,8925.092798
378,-598.7178459,4492.372911,4558.545575,4274.443113,3845.718691,-599.3548317,8696.152883
379,-591.3385918,4322.68593,2423.393398,5183.27075,3136.620523,-600.2292175,8891.662472
380,-589.8680008,4296.754012,4765.79506,3892.915602,1648.167179,-599.710974,8839.165472
381,-597.5919154,4442.514958,3528.337629,4187.534274,4761.948935,-600.2133649,8992.033224
382,-593.1131289,4518.721968,3718.273972,3137.120239,4478.282663,-599.9550557,8921.437152
383,-599.6850317,4147.250374,4462.910572,3917.118203,2600.890438,-599.8038539,8854.720812
384,-594.9254501,4199.094644,1714.14826,4757.090303,3538.467349,-599.7748738,8926.922986
385,-593.0598143,4262.582418,4913.067304,4683.306328,2740.282316,-599.1730836,8936.360385
386,-595.6185106,4303.044761,4198.416409,4341.324763,4345.295402,-600.5561932,9053.207459
387,-589.2352727,4277.806959,4641.001364,3930.48311,3866.26266,-598.9925717,9006.340938
388,-590.4457054,4133.464692,4098.188184,3470.642499,4123.289288,-599.9695759,9130.397223
389,-589.4520619,4136.05879,4618.286985,4558.540836,3763.088206,-599.5671171,9023.447538
390,-590.854972,3990.313733,4731.942675,5288.033983,4010.473081,-599.7363316,8981.494217
391,-592.7139574,4313.742683,4529.617908,2839.434947,3635.087954,-599.753785,8850.501842
392,-591.705311,4512.833249,3860.119708,4455.728863,4673.433634,-599.9606806,9172.271631
393,-589.8129588,4105.269621,4255.773155,4547.027764,3207.763932,-599.7453117,8995.425973
394,-591.6876778,4184.062776,3134.212569,5132.082983,3964.867521,-599.6305024,9018.521141
395,-587.69541,4403.776891,4655.364765,5151.844517,3239.448179,-598.413762,9169.013568
396,-588.9453406,4155.620246,4767.972092,3902.173343,4143.04721,-599.4845095,8999.840032
397,-585.7771548,4439.267909,4262.848585,3416.221902,3802.465588,-599.7777434,8931.606674
398,-586.3452979,4272.140137,3130.324596,4951.902092,4401.844392,-600.2698076,8900.490326
399,-590.7630262,4435.870153,3746.304211,4586.031717,2744.192528,-600.1720066,9015.602083
