epoch;env: halfcheetah-full-replay - eval/reward_mean;env: halfcheetah-expert - eval/reward_mean;env: halfcheetah-medium-v2 - eval/reward_mean
0;-569.7512897623649;-468.7600704104743;-539.0895975958812
1;-470.02445210160744;-587.1034761269239;-441.9442582242835
2;-561.602054178507;-547.6646646017957;-476.6465659247724
3;-581.721777908384;-616.7752750207076;-547.0785385914593
4;-612.8968254165334;-769.341003130148;-569.6337817111761
5;-675.9594484122895;-667.4043682590335;-842.9340130012743
6;-569.124520102009;-724.5955969901759;-748.4519301987931
7;-501.1633570498689;-749.4762694837448;-503.6689628947007
8;-571.1971315729132;-669.380135397962;-531.0335872041136
9;-557.4908022992955;-737.538004041061;-538.8994301311171
10;-420.18057385902705;-660.1593327773107;-552.6431525522028
11;-381.5525542407314;-715.6473647640006;-596.0021360616253
12;-536.1687319371958;-691.1383080381745;-611.6901944875929
13;-580.4892409176896;-642.4182675915907;-569.1301899502264
14;-429.0237336841308;-650.2621142427561;-603.9420228399824
15;-441.3078381588144;-557.4720162696154;-436.6000366843382
16;-568.3116215058269;-543.9827042974262;-496.9017067832855
17;-594.7711877455171;-589.6463912923198;-566.0927755959322
18;-717.1730032464576;-602.6979351929875;-493.79323669848463
19;-649.6365328032483;-587.9666351476021;-543.8443913381574
20;-646.1591819475454;-592.7167288927383;-648.826536917287
21;-642.5826932906947;-599.8836318836059;-702.8621309292117
22;-597.2364580169933;-639.0009236691528;-666.0966685890987
23;-661.8580021425747;-598.0182184298424;-668.8117780462605
24;-603.1089672154194;-647.2283903080719;-589.129028749394
25;-636.6617761343002;-611.6772852532791;-662.1581092514035
26;-622.3902653490804;-579.760235551319;-678.0702176839363
27;-578.3066162653539;-648.2947125605433;-648.9168809459104
28;-565.4529472397006;-577.9600391512266;-696.078564013587
29;-587.7422658957048;-594.2784134802274;-565.2476446056868
30;-542.394359321624;-654.5515047785261;-573.3263799336678
31;-580.8295396301764;-527.214662898748;-639.9856385735571
32;-553.2930399979737;-552.8013812723455;-623.5813322472961
33;-551.8148362239995;-567.1235478289112;-571.0356502307864
34;-582.2745811667698;-516.8282452318213;-527.9682741389126
35;-783.3005793756158;-521.6094453499734;-533.7094482729866
36;-852.3072104199484;-501.95209051149857;-587.6674689710624
37;-716.7249374000371;-521.5471642741755;-557.7148110257565
38;-568.8160488956667;-580.6416483478763;-611.3767790695235
39;-532.6126541390239;-552.436886132883;-585.0139279072155
40;-557.0097969443829;-565.7905830605621;-536.0737989588807
41;-566.1503030367282;-556.0024582712321;-536.8264076982858
42;-566.2331263247925;-570.672179924707;-596.0818461262323
43;-611.8885221909807;-564.3681316888577;-619.9413867168578
44;-592.1182863690307;-611.2424399685123;-610.2643006147749
45;-563.1036014545842;-506.5636415725713;-590.3541468172455
46;-620.7266195338325;-528.6101787547691;-618.1089900029112
47;-585.1951546281692;-492.5182841263497;-615.5729293931072
48;-600.2893022589985;-521.1876453230645;-617.5903036418568
49;-588.2418450703005;-532.8013270714737;-607.8836230885879
50;-620.2632655290346;-487.52130070648855;-645.9467673471802
51;-721.3898552793985;-491.6535867775934;-619.5823902657419
52;-631.9345218631126;-503.03016436926606;-592.1034605670299
53;-619.3355598273364;-551.0649969678695;-674.3225517370149
54;-609.3057640852505;-585.5873095248091;-680.1080379051432
55;-589.4306644835737;-533.3456180020286;-683.351280221181
56;-600.1489451670307;-551.8396596062302;-678.8238517155477
57;-596.3575819651842;-607.5487617673228;-723.6745599957021
58;-599.0971176336964;-543.2110548524093;-751.8389586005992
59;-587.3676273839669;-557.3671464782517;-709.673914195039
60;-565.5882134173286;-549.895651596468;-764.4355342148517
61;-549.8505590343146;-572.8119718972714;-728.2451709057192
62;-583.0022900208954;-527.4375872503103;-714.7400329007692
63;-596.8115968576556;-470.8886593682057;-755.9286307522125
64;-581.5639348231009;-532.297774213031;-627.0561700540235
65;-533.7155038409481;-520.6943574198647;-730.9713609846119
66;-574.3638508689097;-547.0522097982428;-645.1079505403366
67;-577.9369356431055;-530.1284186455289;-639.2156073546796
68;-579.2626184915193;-516.0593992612029;-716.6991218250697
69;-576.4042397150956;-569.1866790217293;-749.7863686010621
70;-572.2126549682804;-525.0297598896693;-710.9855425816738
71;-565.7313993796247;-513.9562815736205;-739.0673222286545
72;-592.2321341845609;-566.4378251629225;-829.4429864546871
73;-570.5117848260641;-515.019123081282;-749.159007195813
74;-534.7805509082668;-480.8754459650256;-856.4721838695947
75;-557.0832629837969;-532.5326444301234;-785.8676897757218
76;-581.6994291712003;-540.340536062582;-933.7226240869744
77;-581.2873155917673;-565.5085219691887;-931.7228363555357
78;-595.8997794148762;-525.5816721681178;-736.3133688251079
79;-586.7824536573974;-530.5677637796191;-780.9466587445088
80;-565.7281301797891;-568.773434108418;-708.9182625829396
81;-559.2679026128211;-599.8188737528121;-761.9010294493057
82;-554.5824002225552;-564.9023985923858;-570.6532318017703
83;-570.3808469424239;-569.1040824128596;-647.0405774253308
84;-529.129367237093;-595.7773794466493;-601.3934942426642
85;-528.0335962270785;-601.975722317884;-684.3337930186542
86;-561.2062667061234;-601.3494730452319;-636.0480342257657
87;-552.6925979851394;-525.0134158699248;-694.3385198408079
88;-576.1774540367633;-529.7942689820327;-409.60865064397296
89;-580.3035204545198;-534.6859879310947;-648.316694784696
90;-573.208170079139;-585.1652473810992;-594.5322349955079
91;-560.5136274174075;-558.0168362386864;-641.2751149553369
92;-585.2203452423073;-543.2512143730593;-642.7187351218519
93;-551.8683764751563;-565.3031769894069;-607.7606666385941
94;-565.6406936069625;-531.0352916017955;-795.8783834295461
95;-572.0115973459558;-546.3423980130345;-852.4231583737395
96;-568.8698074750532;-555.7144237508965;-730.4043979860414
97;-526.3012624604501;-560.3227556982625;-662.1292451647923
98;-571.3499243348782;-514.4664269581124;-617.5656879826095
99;-561.7120294988906;-643.4752063462618;-545.1262076255399
100;-566.5848964660402;-694.3352499922498;-662.1760104353714
101;-550.4891055469313;-638.3427941489249;-558.124481587584
102;-551.8874918128718;-583.9623792994936;-677.0356285408755
103;-574.9973494225853;-608.4688661371981;-685.6663359630281
104;-556.1889901907288;-530.9020381651906;-680.7355136809566
105;-537.2820469434994;-449.71317045579093;-605.3076508722068
106;-569.0136948890224;-484.3657854453261;-472.29873397228937
107;-545.2027248097274;-510.3768145325822;-605.464441812622
108;-465.83965896845336;-592.6017072724178;-674.2117364519332
109;-553.1305908173858;-606.2145806196866;-791.942544900167
110;-566.9233080642407;-512.6607625369409;-750.3431357166321
111;-545.2757689441461;-590.2678812634756;-709.4422154989472
112;-529.6795360629369;-599.7070502107495;-679.3539192482558
113;-564.2483645672447;-585.8028138657216;-644.1520804553462
114;-526.9182756911478;-561.262222817523;-822.3367909073406
115;-465.3830033423653;-576.9428994319271;-848.2940977363371
116;-497.41581072147375;-581.8605542658747;-1020.3605226853812
117;-498.06415236291343;-606.6190689242447;-805.4111355015987
118;-550.1861389895585;-561.1772426283181;-953.6823681374148
119;-541.9269287105012;-551.9030310802648;-835.6547879341317
120;-536.3507435404921;-544.8745181731199;-987.8265185998873
121;-523.8911164147819;-590.7531752457064;-888.2331825171661
122;-565.3665323117993;-532.224559547357;-816.5055666916376
123;-490.9204857477921;-633.7383256989223;-876.2109225925112
124;-548.6521627981799;-522.1758465849921;-754.5044590483056
125;-496.27958257518367;-632.3953596040235;-714.1463452198334
126;-553.263439264894;-503.6930388858898;-593.1388154993285
127;-555.8211423675382;-549.1325392338031;-896.0348290819354
128;-506.7221275781729;-573.9330636836294;-630.559725114084
129;-547.0254354766055;-564.9093843541234;-595.5638311009461
130;-535.0216712960034;-528.2328455633922;-698.7270222685443
131;-481.8496868171096;-529.9301595506247;-599.386323075644
132;-485.6762409120106;-540.4681389306043;-638.9966665796343
133;-515.4874565569107;-533.4919286977;-651.0288796238258
134;-434.630160989287;-549.6196580982095;-734.6414566505068
135;-383.8260505742355;-540.2472430435255;-675.6549155045292
136;-370.4635969024732;-520.7345188345944;-644.6665714586018
137;-442.28774953078255;-559.608945006328;-651.0683517083257
138;-459.0514189813729;-594.8677584057533;-605.059409321142
139;-219.2804088922427;-597.1347918930746;-590.6702948326224
140;-384.39017898984685;-514.1107309379482;-499.64504387847364
141;-412.8945713493109;-592.4769971845944;-630.2080845657649
142;-461.3013191181207;-553.276039669448;-472.52009970505316
143;-320.0337806151419;-529.2785758609652;-519.4661804908108
144;-185.30312174659667;-544.0346073752225;-301.0649426833063
145;90.26826234204191;-540.6059695581607;-723.3521073024065
146;-51.96111284955484;-529.3391133969958;-595.1729393943745
147;740.8620729613273;-528.6745889157834;-261.240288160108
148;166.3344129209837;-509.54514863106755;-93.04392530051322
149;259.48652801465084;-532.9838952823617;-202.6342845670491
150;939.7214106591991;-535.9875932413559;-209.5048737732212
151;2330.1751347403915;-515.9720331390406;-410.3322146860461
152;1745.5969817731504;-540.879409441452;-744.8034953627293
153;1867.0434559403525;-551.2690945547035;-154.6053207895908
154;1426.4115457335502;-548.78339741327;-565.7556929160193
155;2203.832005530314;-549.4673569119603;-461.46416506786807
156;2582.413905206673;-508.21919085201375;-193.01214475946253
157;3704.4633558791666;-535.0855175326127;-111.31125601817321
158;2925.54038652211;-525.7371477975474;-143.1579375576254
159;2641.78359021595;-521.0981452852509;236.39267397189866
160;3186.8281936432595;-598.9959636489245;-389.8883566142766
161;3584.4395938663356;-549.5162910832976;-399.8080208742345
162;4222.169936566777;-510.3180226275672;-490.14931914816077
163;4278.421851007086;-555.2726761586825;-474.02328713875414
164;4061.1713130091257;-528.3132751564549;-386.945425731259
165;4278.13215385251;-555.6889822396507;-50.80711915594439
166;4406.493499599388;-615.5145119342068;-105.14287650493824
167;4403.3804155782;-587.4696152719812;577.2349824198569
168;4725.091417999623;-522.93369661737;507.5916158651271
169;4759.303067479294;-516.0559966811428;48.23319370309696
170;4631.234638247435;-550.7809235166669;429.519093627856
171;4671.046179350476;-543.6185118929624;-97.17716844738388
172;3749.43048995154;-538.2575091815343;270.798178991783
173;4233.2387777679905;-563.2770589924007;764.3712404594231
174;5217.133768511909;-620.6045974551216;-325.71335466054654
175;3491.709329728348;-575.2185866634661;-140.43723619549002
176;4832.796082486488;-532.3692714473902;757.3101371462408
177;4989.897736504935;-554.515673250066;1332.7246285672418
178;5141.6639000816085;-543.2819147723498;1899.5317756956933
179;4539.747584805569;-553.5991766268753;1757.2408089970206
180;5549.016164087583;-514.7420518345773;-160.7192033341287
181;4364.209654364199;-537.2923611352339;811.5372190675408
182;4712.595314003391;-541.1641784501273;2289.602155709583
183;4863.156905569818;-552.9542293969483;1697.5975939386713
184;4946.984016326307;-562.1879845165898;1696.2446866091245
185;4562.909963881215;-492.45306898162073;1473.9330096938768
186;5002.288256230726;-522.2913205806426;2955.5387551955764
187;4360.217547748136;-549.1094917771343;3643.6911210721346
188;5528.423343678482;-566.921576321481;1732.0688766725586
189;3684.0997001226483;-529.5219385033537;2056.847113281877
190;5056.518463358687;-543.181890220171;4037.5629852441116
191;5575.604765099085;-560.3500518202686;3242.939855734118
192;5612.345484755033;-565.238718765893;997.1519460052812
193;5858.996741759749;-506.6918595729098;1490.7299737284077
194;5185.3466904409415;-553.5372973475157;3111.3070030521053
195;5840.378131440644;-551.6436982043258;2905.6465300573336
196;5155.289962695844;-506.8253617350539;3352.4015312920915
197;4565.441685749983;-560.9829945993857;1423.880748510286
198;5132.671948816153;-453.94794384313;2466.677236026914
199;6354.806152036121;-525.530716460604;2290.7684112511474
200;6228.668035629757;-476.16453500736907;2499.5878438843624
201;4745.483378030511;-542.7395099773948;4029.3659557571254
202;6125.847894864717;-515.3756484423461;3460.2724179537095
203;6161.236593461556;-557.7351255299626;3093.8550950363906
204;5590.140823588075;-471.9019387509803;5358.638319963093
205;6485.290232762894;-530.7216318748784;5282.436717377068
206;5891.931236469843;-458.2846339467053;2315.9330901989442
207;5700.590330885498;-536.8760064843827;5454.804200781881
208;6513.774519248716;-481.78770433294096;4093.306969714847
209;6622.306868822317;-463.9663464341382;5231.030885125731
210;6757.956064275775;-527.5894159805309;2991.6017493158447
211;7069.7447744585925;-530.4132898780005;4824.472567901595
212;7064.839356813279;-573.0585177463624;5035.013988885611
213;6588.811897212792;-445.68827401274314;3000.863336693349
214;7370.632701928938;-566.0208827138686;5616.687907702532
215;7256.637926573258;-434.4929637910917;5609.448164137017
216;6663.280730689761;-549.9761528613108;4290.402494577191
217;6099.481149912599;-495.7495921578902;5474.376408586592
218;7449.7690605921325;-460.17242894037975;4390.3432405436715
219;6508.838235299231;-535.6586031188982;4254.024722376848
220;7444.6234999271455;-523.1662946134378;5475.69909922694
221;7534.782578046739;-601.6449600995736;4432.221177922869
222;7478.42627106802;-511.7007616273313;2994.876811857034
223;7677.7281315911205;-432.8239768067241;4495.066975584829
224;6688.0246470047005;-532.0690383209421;5275.273511914344
225;7153.103618694755;-443.78013837538435;5550.814266842508
226;7218.405419207284;-505.75279590002754;4353.930933525104
227;7099.510123527472;-497.1332377535885;5542.923723679041
228;7651.7598290231035;-572.3924357556457;5553.388480669411
229;7570.967862545905;-484.5018629564049;5410.921005147452
230;7068.6957370796235;-473.34052238535;5473.383482903349
231;7959.877010666316;-521.6941608967732;4518.9610811354805
232;7150.868333887972;-528.7303895038815;5466.920093659106
233;7985.991078626802;-532.6858079519702;4356.124727788607
234;7756.030417972588;-446.4682511698174;5734.428368463242
235;7844.104213183715;-492.8434844812092;4529.661668056315
236;7751.526048479022;-498.2387624436808;5599.322063705906
237;8059.132992837838;-530.8912763674148;5652.630239081783
238;8019.990257842492;-565.7065332142106;5476.497610224884
239;7967.2126140743085;-470.31598884180653;4564.286876000903
240;7854.835404393753;-532.7944973970117;4532.87611675635
241;8043.5637395860795;-452.8577452497211;5886.108202577017
242;7120.434124613336;-578.5145212573;4497.164404229985
243;8034.678991900773;-431.8741961772449;3224.4458089737154
244;8109.63025826051;-440.59041190653375;5645.824732915016
245;8004.504033335985;-458.51674218767744;5742.5191456303055
246;8168.063067193873;-496.7596156875634;5789.905028358936
247;8163.253564675986;-429.04638307696985;5676.783296282678
248;7776.9557347489335;-453.6586417641865;5834.582685285245
249;8106.071077183022;-425.7797761125029;5976.518382882466
250;8117.945516227144;-484.16083812676777;4420.84054301246
251;8125.8489771612185;-544.1258377445682;5844.490240089816
252;8315.505965006621;-432.9449544833975;5997.210613399803
253;8264.65999446053;-458.30205130883087;5787.971651783929
254;8039.237173659916;-515.5190486132029;5833.837507337894
255;8269.382856477176;-474.4766953098294;5730.261429611963
256;8114.231042342959;-470.7519384659159;5913.009748562456
257;8312.694968748972;-486.4791402378065;4597.062668816001
258;8486.694460210183;-488.0923457979334;5999.600360726278
259;8358.7046640209;-552.7743402012156;5881.223910362986
260;8318.176852835153;-477.22355117172884;5822.6692753859625
261;8588.95570598673;-533.0158594001509;5803.912362536656
262;8332.157131587639;-499.3455648589702;5976.141360637418
263;7978.060400326573;-518.7561630912669;5886.67654042658
264;8354.962100986968;-484.549822880525;5998.367750470857
265;8248.462763035137;-487.5891901822223;5939.32760723884
266;8416.556548993058;-487.0381683802037;5972.0887507589605
267;8348.79551748057;-508.5892356443153;5776.463326344994
268;8564.03183284124;-499.237968868656;5934.756305275655
269;8427.832595507758;-566.965814552511;5922.66570859275
270;8592.71793962062;-436.77925894106716;6019.489199107817
271;8535.963305572059;-603.9956731008922;5909.920782628877
272;8356.771050659903;-457.2221051952428;6083.324260973921
273;8345.117742063194;-549.9805459409035;6130.927426124812
274;8494.5959046348;-577.4627257292793;6002.779204355195
275;8460.794273982978;-492.1178072652265;6172.914722260237
276;8524.510633433456;-632.0322585142426;6011.82275240875
277;8369.852012257994;-564.9814709391474;5862.654427738612
278;8640.358753705157;-514.8765996477227;6157.728687085392
279;8561.437470163404;-573.3742491438096;5925.02078582872
280;8545.295406991288;-610.8935530347251;5914.230050500756
281;8370.036021898562;-540.593058405898;5885.019464033473
282;8455.72079926576;-631.1196458915208;5961.946809281117
283;8316.807689385725;-652.2651053544854;6030.548798477726
284;8679.806972853432;-561.2219738141691;5888.685708336818
285;8595.712127132892;-555.2630291069902;6057.6800448440745
286;8716.340632203573;-712.4126018616704;6025.569739283581
287;8531.875514912961;-724.2136768487233;6301.696788885302
288;8645.024216556209;-799.306192517629;6168.4851634591405
289;8502.62702994663;-689.0174679356671;6063.279944074623
290;8568.973296583144;-620.6366315130342;6009.724440862623
291;8803.216282109464;-675.8836552072702;6223.427237933837
292;8684.82187925895;-730.0240060220535;6147.0602219864895
293;8550.852288350736;-665.398115825974;6112.476312178685
294;8675.383057525214;-646.4351741871443;5942.510914279888
295;8551.617762588703;-725.2088252966141;6017.174664297057
296;8664.453536472007;-586.291385179605;6072.563688851492
297;8542.100013451121;-653.2015681023951;6187.39899553183
298;8484.615781250472;-647.7153040976324;6041.826661277016
299;8620.355037644145;-639.3563725358979;6079.07220152651
300;8660.414048470408;-634.5068321712498;6033.540346918771
301;8602.784615553046;-611.1258895320974;5850.271698919461
302;8544.912487659674;-661.8106897600298;5974.39855478017
303;8289.788414341376;-671.7317076150953;6047.746747944142
304;8655.92534205975;-746.251817410296;6169.5704964747865
305;8476.173534707727;-703.7981145662293;5956.717347190854
306;8509.432202468324;-555.9828076040785;6369.1776372341
307;8623.610728253987;-642.0345296289789;6284.393534691395
308;8431.093357714815;-530.9293705825451;6374.08185861778
309;8670.330456916952;-645.674811967459;6363.695569450853
310;8692.544449450808;-651.3324717332489;6265.107665324678
311;8438.325702117621;-570.9879693341206;6231.3507981180655
312;8630.19265676101;-532.9613752350202;6315.991569994706
313;8727.768867010647;-717.3415707362029;6200.763660133578
314;8849.857665092855;-580.4982779911988;6283.838644219216
315;8458.117037444781;-582.3952671418697;6126.397500975681
316;8654.287363079702;-528.8101827198634;6363.493718638926
317;8532.690722020736;-516.9218265194743;6214.488950453844
318;8735.304423803995;-635.9018227173128;6395.416280631838
319;8534.856664736444;-546.5458180613858;6465.455878950526
320;8657.580166676777;-575.7687474554622;6343.827767555113
321;8740.228045704625;-595.159568579283;6301.494542373357
322;8736.955160839545;-621.5087028165665;6093.988666129512
323;8810.406888604219;-645.7219915076962;6260.750727953318
324;8710.782406763741;-608.9439987675837;6122.688783467196
325;8522.02983476772;-601.790900515418;6398.265542535012
326;8773.345092607216;-655.3501768270075;6334.287791503824
327;8840.17927093083;-690.9755208110191;6268.570436762261
328;8734.637835059508;-734.7874976474038;6525.085024334568
329;8556.125613291417;-722.7939513072018;6299.693813981168
330;8578.952137394012;-587.4591215510245;6463.403598522351
331;8673.636665635328;-651.9550118583574;6366.463762425486
332;8684.079683511345;-681.7814509798031;6207.597030363298
333;8666.865135134305;-700.9532907308205;6415.64066593299
334;8585.611902313323;-624.9519527657271;6255.205771800437
335;8727.914922175649;-723.0038563915327;6381.474604699481
336;8628.548819413532;-662.0574212283561;6073.80804041583
337;8723.128971461116;-639.5820677825602;6268.539194643349
338;8693.8000779813;-591.907424916152;6361.942283934719
339;8824.145039023058;-670.3364833557471;6269.480717790547
340;8704.09591259211;-577.0162115614073;6242.882204288142
341;8608.515885210505;-692.9439458847744;6405.584342503624
342;8492.023396272582;-669.2602758300698;5625.707125626036
343;8661.320053247504;-595.3357464177159;6369.42804632467
344;8608.942438496735;-724.6838603177424;6404.1187472508145
345;8763.507614222259;-578.585365272387;6420.727020775511
346;8640.703940312062;-638.0659789786608;6502.795885364868
347;8566.080406928957;-633.1242359410501;6452.786269638861
348;8602.188196056315;-631.7834199237845;6254.188582332079
349;8697.95100069273;-656.507231478985;6500.872443446626
350;8642.09272944263;-712.1058876576137;6368.133233590774
351;8671.182428789354;-684.621070993949;6280.980864955802
352;8528.089168254392;-706.6029325331324;6344.649747555636
353;8799.263425534664;-652.8208467279143;6572.232781513774
354;8777.187206447466;-643.4801023955879;6562.110783818922
355;8856.165492804636;-729.6032010494913;6220.632944636504
356;8645.170600518912;-767.6560567515627;6530.579389238028
357;8681.939959552656;-662.5210103557082;6427.133391078729
358;8582.44240922167;-655.0988328983062;6320.814940245049
359;8426.770244960095;-611.2615859100391;6603.594902372996
360;8714.024279019115;-668.0645919190775;6493.473582218969
361;8592.257279459132;-584.2932751909891;6631.121229455947
362;8887.282263347915;-621.5610635154508;6391.86985292352
363;8753.605566879747;-585.5061809935565;6410.517200577459
364;8617.781860967581;-687.3402991816561;4915.4195852263665
365;8755.719617836468;-749.2677785249671;6446.814035235727
366;8710.988167200958;-690.0988191355216;6655.081093473318
367;8605.774176551862;-675.2947385235692;6688.585642629967
368;8625.561317010543;-678.9603202572355;6482.349560854783
369;8744.916991024487;-744.7223254802421;6532.152206744121
370;8660.1079591732;-724.1322171759086;6592.261289911627
371;8714.331859904247;-562.2088455845899;6735.313984710607
372;8697.792558233607;-665.180678409067;6440.58667225565
373;8951.11898547456;-627.6229365208308;6387.019167763398
374;8668.595891174919;-553.3780347739148;6341.683151103107
375;8587.291627951938;-703.7657051410242;6640.450754736802
376;8720.292226587137;-699.0722319964215;6686.946560668463
377;8686.411669183872;-635.8603230813885;6393.289189420078
378;8546.151729907222;-615.427391170633;6568.971458649568
379;8690.887054630579;-630.6515583803732;6473.681034431897
380;8661.029712874355;-755.0316531712203;6585.246463778749
381;8667.282362071157;-733.5610063006318;6472.639164060462
382;8758.02217583948;-694.329643639516;6565.349928754746
383;8734.81743275618;-671.9898810347919;6506.141174879697
384;8765.71745122589;-605.3771584528436;6473.889051775623
385;8773.074788299826;-654.6852098137604;6479.846696401231
386;8777.375328145252;-688.8318040866103;6449.873205565819
387;8815.5505693374;-617.2211668473549;6396.994622167253
388;8815.661329948387;-675.3116306969541;6452.714227269331
389;8775.671343492362;-677.3415341584712;6646.834310543973
390;8862.427380372927;-645.7035875894478;6563.619275628947
391;8564.044245439625;-659.9059493060415;6527.507248623324
392;8796.70210438203;-633.9204228314167;6672.132703667785
393;8761.338591608233;-693.8456829340571;6649.254659458138
394;8871.481758662847;-633.3946098882261;6493.626289205529
395;8790.529227631625;-717.5311797023676;6478.975540937198
396;8763.545603634462;-726.4840092707904;6232.089682179402
397;8797.149660363917;-672.9629427338318;6608.535432578729
398;8880.323443127145;-722.0775521394121;6372.217137760554
399;8775.921603533985;-727.3316421769357;6419.8458796739715
400;8878.396728378477;-640.872102164917;6669.9285480749895
401;8743.8155355399;-635.0370276104265;6439.259017931085
402;8538.42274066068;-607.5116406892879;6370.9609368948895
403;8639.710265680555;-587.3861393314644;6564.29825402892
404;8750.4368092854;-626.1850075044447;6494.98007683131
405;8717.701950738701;-602.6577238123098;6336.096537010315
406;8736.701742582627;-655.1621237573376;6415.337729959427
407;8780.369895578599;-676.758903074699;6380.081940359287
408;8795.469695690374;-507.4312670267676;6543.600978409285
409;8714.94473168589;-734.3355507462616;6577.723282407501
410;8706.665868944367;-640.4891513160807;6560.837041153485
411;8688.245103107498;-683.3270933002614;6611.006797429902
412;8640.174854366778;-542.5920187935191;6718.7722596302165
413;8755.709784757724;-639.7474411956845;6680.666699029331
414;8896.89804676668;-648.2573403241149;6388.872363986176
415;8790.731988810363;-539.194904968969;6587.391824129751
416;8717.475122053464;-651.799024859286;6481.246191864803
417;8762.537859137792;-632.3604422817282;6709.237036534694
418;8822.543859882277;-697.388377511011;6564.263962288278
419;8785.625106069056;-528.7832129623046;6578.95866057744
420;8775.337479084228;-641.5252828247246;6694.762215999671
421;8844.14523503233;-680.200382747856;6752.169787769677
422;8860.308868536013;-653.7345770762525;6542.691001895919
423;8894.889122814337;-690.6086304933108;6605.4905354023695
424;8803.30438191274;-784.2789501987493;6676.8567563018205
425;8717.842192917451;-627.601812600106;6539.146014542422
426;8740.507579181765;-653.2379107564389;6667.240390032556
427;8733.701899357342;-630.6799749922948;6754.840952563111
428;8649.961603491312;-691.9901712190318;6605.58148927016
429;8778.739733715769;-677.2734884817062;6546.817951797384
430;8895.986285131516;-703.8388978590538;6393.422793010751
431;8925.857651748507;-590.0553678655197;6638.96293786139
432;8835.828667481532;-696.3839439279509;6515.841042614763
433;8743.347394825096;-609.6688067405598;6718.967183606658
434;8884.0268198168;-599.1503795338022;6637.737123827401
435;8770.293201523877;-712.3831671225057;6551.511647431103
436;9132.491092784703;-574.4996432494188;6676.176310923578
437;8655.463949550653;-642.83320021538;6567.288845026135
438;8827.941550820686;-657.3455011854533;6697.310242068132
439;8700.616164879983;-615.7024091522062;6855.735859886668
440;8611.73091841627;-794.4862487834268;6681.454178057358
441;8653.139928267552;-673.4272590364809;6472.47902273948
442;8865.147484764757;-573.1368825366324;6697.985425054266
443;8715.53643475875;-658.8263610865286;6679.723308892688
444;8627.882191829813;-664.3725610700301;6685.030854843132
445;8568.989464303659;-774.0240093410346;6584.889179363255
446;8576.655164017982;-637.2194260976856;6395.086225060047
447;8688.954612006844;-670.0136400063494;5990.607185762191
448;8678.324436586769;-615.3231256614483;6878.257759232542
449;8603.61025399949;-719.8413348400261;6707.716882140693
450;8614.580395314755;-649.8211051632439;5666.545848599929
451;8733.207221352332;-665.9108461877646;6657.597984167648
452;8630.878298083615;-629.9057505369478;6647.412037538587
453;8555.037994558452;-664.3064974530203;6780.538488783486
454;9001.740921284712;-665.2390470101362;6616.74640675251
455;8869.106456015525;-694.2960829811524;6765.136885006692
456;8673.581872145947;-686.3303795884342;6416.785212550219
457;8775.60070619344;-757.1125546317671;6638.633166873695
458;8872.555469600278;-704.7109560433119;6759.404372460636
459;8535.247662667143;-594.2462843584254;6729.817393555388
460;8654.440678476916;-620.6955173208783;6473.546960737612
461;8606.079818058948;-687.7109361586133;6803.374680713782
462;8574.738885243762;-712.2759480085374;6501.131145479401
463;8724.225873561825;-636.7811600757896;6643.365173437318
464;8749.288882698173;-707.182518213617;6724.864569737649
465;8830.910067468332;-546.8861947578201;6755.525304242306
466;8821.259988795558;-684.6367111462428;6385.550919869245
467;8639.102767836988;-696.2080073572035;6775.895159045492
468;8619.61651007552;-623.8176820550109;6609.282481086766
469;8975.854835252205;-639.5100485995405;6775.97676861817
470;8785.527255037116;-587.7984206031022;6861.41705744164
471;8681.13782487361;-635.9252262273139;6788.333861656026
472;8692.999879522566;-842.3975679307431;6606.750894765211
473;8939.561553304165;-721.1307838394117;6826.226434337501
474;8712.660476150937;-613.6059613629927;6769.778589509784
475;8844.328877139871;-713.4869794332246;6594.6767054463435
476;8840.571688018339;-605.107040262971;6592.750297107096
477;8785.88343991545;-636.0484494762518;6828.755596605831
478;8830.454994308091;-869.903501723068;6817.534956311412
479;8614.17928820047;-735.6364111125562;6505.6197580102225
480;8823.255878887192;-708.9099237251734;6826.478934406429
481;8856.497210604972;-510.34857801661246;6862.689146894329
482;8859.967876068109;-750.3504119395488;6603.978170186198
483;8771.501819518675;-683.1345703037334;6806.663983179246
484;8790.473442653722;-631.8078673740647;6889.600377789735
485;8704.303458491855;-628.7635729157203;6559.579517880154
486;8883.270906588845;-568.5724517115764;6674.0627482010705
487;8943.709422353128;-643.3425494843793;6727.658059012574
488;9056.515367708762;-650.0891687072649;6932.675174654942
489;8961.348900060819;-659.273927804345;6840.970322216153
490;9017.456969075007;-610.2381311763928;6801.311368867855
491;8821.228433640159;-670.6003917241014;6563.194673836217
492;8910.339642543306;-631.3142760612999;6836.820007902495
493;8730.684799448401;-559.7694528683878;6819.943981181878
494;9095.648322370404;-604.6528670994144;6992.175393953087
495;8775.37835939649;-744.0969351057461;6746.60290234752
496;8783.562220212672;-706.5320875112534;7030.93283764098
497;8825.214191132114;-666.229410663095;6817.54754454123
498;8758.852125011352;-663.1965135111207;6609.895662993872
499;8772.85253538089;-730.7334094295846;6951.714139286123
500;;-624.3611295477263;6832.687748655524
501;;-569.2565467591326;6860.963243784334
502;;-565.3171687961267;6912.0976882665345
503;;-633.8986126768523;6943.897270760756
504;;-708.6734057300104;6651.864089088408
505;;-643.6752539166257;6843.8463477235955
506;;-613.0925361007432;6841.730827486756
507;;-669.9661246806443;6862.167605956781
508;;-609.6407172749459;6988.215511493676
509;;-702.6991006699836;6932.619030627194
510;;-539.6724321115;7023.944523485101
511;;-633.0302531850386;6646.11954829973
512;;-681.913613162439;6664.12689154812
513;;-715.3974442031896;7063.820189713314
514;;-608.825903678714;6821.372499712062
515;;-653.7756063204416;6881.085731444562
516;;-561.0599324785683;6697.517187127615
517;;-586.4150234170766;6778.8876367478315
518;;-447.274790440226;6941.246623989823
519;;-631.1968371545067;7004.194957587928
520;;-535.9428189003747;6951.087658695125
521;;-575.1158474622467;7044.007776753713
522;;-634.4953337613794;6986.373363086296
523;;-582.0422957581486;6620.39664520056
524;;-647.5424562711676;7038.02484063231
525;;-607.8295702702651;6992.623848581565
526;;-675.0713544795561;6840.025504392068
527;;-536.4198130621968;6971.039263606176
528;;-625.1658213022121;6813.757776439337
529;;-602.80685669849;6964.553566862478
530;;-609.4155698334557;6923.335485860688
531;;-612.3073006415367;6926.744476510974
532;;-651.5150847847823;6888.999679936822
533;;-646.6356745621595;6884.563923141206
534;;-600.9761701268508;6953.721653479661
535;;-602.1179720269823;7012.68670804626
536;;-635.0743117284484;7119.675225561185
537;;-617.4322105656621;6878.5496660323315
538;;-631.4384145658765;6900.644305438788
539;;-642.3452989445182;6895.875650101041
540;;-583.5205907326393;6778.26831518841
541;;-568.5309296405283;6924.0630200923715
542;;-666.9943627196818;6936.545111534055
543;;-653.7092405411217;6892.518637950097
544;;-621.9978325836875;6947.8637267688
545;;-640.7390315514662;6787.354986192974
546;;-609.2462083340142;6790.724074480115
547;;-607.7031574899411;6994.007709542861
548;;-652.1584783306616;6907.631494513713
549;;-643.1915983353617;6917.182548441927
550;;-620.2391583194222;7004.413256519105
551;;-599.629386707873;6917.775775939747
552;;-618.0396576506639;6993.281659048948
553;;-568.5968468841926;6994.023272786338
554;;-645.4527850498303;6974.585889775478
555;;-602.137619068529;6972.308180930947
556;;-652.966848709901;6963.770623909691
557;;-629.5820363395908;6854.867226290915
558;;-660.3794089633948;6849.262512562234
559;;-559.4242056818393;7086.713314428472
560;;-645.7436616824943;6925.0420927210025
561;;-597.9455057925204;6945.794201190323
562;;-616.7606277404611;7091.386868544115
563;;-561.218490597262;6934.256997603642
564;;-584.7491584637082;6937.860348488393
565;;-586.5673117861334;6927.227603261226
566;;-600.5320648323017;6818.539124671942
567;;-583.5512019370678;7047.6791608575395
568;;-587.49356807412;6774.72876212148
569;;-616.3271922104714;7072.772977218294
570;;-653.8257665009387;6886.530338168666
571;;-666.216804073468;6873.984808939182
572;;-619.6987446909055;6996.424818785267
573;;-653.6079650687329;6946.928857778296
574;;-651.6915466337896;6941.637729083098
575;;-602.2866989998079;6983.350315067849
576;;-646.3765259049;7156.418698826608
577;;-561.5347594046534;6936.6343226397485
578;;-641.7242940945544;7099.532541019449
579;;-625.4542193474692;7011.81271785671
580;;-671.8245022257715;7017.246145549658
581;;-621.1340268063793;6947.7154834434095
582;;-639.2405761474462;7142.472835099827
583;;-659.5264459225359;7083.963890683479
584;;-674.4478917536786;6925.893270494287
585;;-634.6660710493603;6895.159696556577
586;;-630.2467077357255;7063.710165976265
587;;-607.9215187075381;6922.1817086458705
588;;-617.9976415112626;6944.414920558093
589;;-648.1923814742277;7017.400536968879
590;;-615.4637128823435;6922.064793154404
591;;-612.4521371297333;6833.289688311114
592;;-532.0563401486703;7009.863017096347
593;;-577.7783307050522;7001.964358832035
594;;-613.9221078097876;7100.483618362955
595;;-592.1466740368796;6928.051582254116
596;;-622.7451595532535;7043.819773873578
597;;-521.4537311713229;6985.8325239647775
598;;-573.8002601714825;6955.355052373523
599;;-567.8104141081963;7067.57010803765
600;;-661.9675046870709;
601;;-573.167530306959;
602;;-572.0977172687561;
603;;-588.245212340477;
604;;-612.8881401060016;
605;;-636.7782612834314;
606;;-726.4556672570303;
607;;-638.5119331462156;
608;;-592.7949079976772;
609;;-636.4510588255154;
610;;-728.6513184420545;
611;;-716.0928029820627;
612;;-774.02959662871;
613;;-752.0483367999558;
614;;-722.2781613712111;
615;;-650.3115388962135;
616;;-703.3794562238062;
617;;-588.1666926495698;
618;;-763.1969475414813;
619;;-731.2886269144929;
620;;-686.155366328068;
621;;-625.1921564735464;
622;;-695.3335703404912;
623;;-807.6007038735677;
624;;-664.9404762877756;
625;;-544.5223158196031;
626;;-585.8072570898938;
627;;-625.7335984800211;
628;;-679.0208816706274;
629;;-658.619963410872;
630;;-697.4652970826912;
631;;-640.3272774994433;
632;;-587.0535344202415;
633;;-686.8501830359619;
634;;-618.807997230981;
635;;-593.2353509966669;
636;;-675.5909563086693;
637;;-678.008141329327;
638;;-719.0137824026747;
639;;-724.6888321580348;
640;;-784.4887473775283;
641;;-822.7096874443243;
642;;-623.6970633977996;
643;;-678.412000621449;
644;;-747.0230369238119;
645;;-794.6693787741435;
646;;-680.222027452289;
647;;-548.0694636937919;
648;;-685.0951874919232;
649;;-707.8637233547572;
650;;-758.3340393040019;
651;;-674.2327886454204;
652;;-729.8072936869062;
653;;-709.6336816127513;
654;;-737.453232155304;
655;;-669.6569363072795;
656;;-765.8242516566742;
657;;-758.7819607330135;
658;;-661.0870116498375;
659;;-496.7115365194428;
660;;-730.500530109669;
661;;-783.2965733989921;
662;;-724.5702182903078;
663;;-829.1092943438082;
664;;-654.2590343722602;
665;;-636.7149216723556;
666;;-944.1924760839835;
667;;-625.0887951129635;
668;;-691.0546901267203;
669;;-628.7721144029708;
670;;-746.9837450225675;
671;;-806.7439070308972;
672;;-796.8238261643978;
673;;-797.5056828106466;
674;;-756.7885702905363;
675;;-811.3403346617613;
676;;-701.3919623048107;
677;;-814.578707440994;
678;;-771.9207050416536;
679;;-759.3073001443612;
680;;-772.6807237340388;
681;;-598.4687376468216;
682;;-658.6427315534312;
683;;-825.49973824937;
684;;-771.7260107200561;
685;;-775.0508778917837;
686;;-827.017516753683;
687;;-620.8879919016081;
688;;-664.6720049699734;
689;;-965.1998097918595;
690;;-738.4033353253373;
691;;-612.1966600698951;
692;;-713.9654211665065;
693;;-677.3355621135737;
694;;-670.3198869352544;
695;;-661.0847010624266;
696;;-555.4195569331723;
697;;-841.800318172062;
698;;-739.7760987517025;
699;;-720.2620533550775;
700;;-747.8558015004135;
701;;-777.7757236560055;
702;;-860.3445401958213;
703;;-807.0205148904236;
704;;-662.443795490267;
705;;-861.4216203219873;
706;;-742.3200557653615;
707;;-670.3092307804047;
708;;-832.9128092681676;
709;;-905.0365063724155;
710;;-768.0671689096773;
711;;-960.2877780987153;
712;;-676.9906066030895;
713;;-792.3672195424366;
714;;-823.3080513908441;
715;;-642.9236539740047;
716;;-756.4918340972907;
717;;-904.208065729601;
718;;-831.232692528018;
719;;-842.6392592968559;
720;;-855.066211688986;
721;;-880.933274993227;
722;;-798.3528360523209;
723;;-760.4496743384464;
724;;-726.9777518498047;
725;;-924.0354381215413;
726;;-664.7458246751032;
727;;-854.7247693589004;
728;;-824.3299773462986;
729;;-699.6599182307702;
730;;-778.1751502964069;
731;;-878.6802341133676;
732;;-687.1808354163619;
733;;-750.0106201169413;
734;;-743.1897143086492;
735;;-806.1176810228793;
736;;-825.9835246193092;
737;;-646.9776272206805;
738;;-922.8676190731272;
739;;-764.7291483968988;
740;;-699.7353964777668;
741;;-943.3306433698269;
742;;-757.9308548071098;
743;;-914.4821138558727;
744;;-737.0684414795857;
745;;-540.9019285748827;
746;;-738.4164576787776;
747;;-831.7513325325717;
748;;-858.0676949669366;
749;;-738.7303943610134;
750;;-865.1571537187341;
751;;-675.626939187175;
752;;-671.8273180888062;
753;;-952.2470356376191;
754;;-962.3082974727856;
755;;-691.631361179403;
756;;-740.5560254038994;
757;;-637.3552481279091;
758;;-832.6044849613438;
759;;-648.0685808976626;
760;;-888.1319779658746;
761;;-890.8356028680253;
762;;-808.3461226713422;
763;;-776.3431246920873;
764;;-767.2522774729148;
765;;-707.8879197413819;
766;;-700.6038802244732;
767;;-799.5420700370041;
768;;-720.3353894867205;
769;;-818.8215972833553;
770;;-754.7944943612519;
771;;-747.9592028518373;
772;;-768.7327546761358;
773;;-834.192632594214;
774;;-844.4034553220051;
775;;-785.9958684150454;
776;;-763.9307320027625;
777;;-746.5435228256359;
778;;-666.0384014107665;
779;;-754.804544008318;
780;;-668.4226237798821;
781;;-809.2543690817854;
782;;-788.7485889858624;
783;;-688.6849069482441;
784;;-828.631129421382;
785;;-683.7370675867082;
786;;-624.2935958632996;
787;;-810.2814772758585;
788;;-733.117946657637;
789;;-667.1010228125026;
790;;-717.8318536828032;
791;;-759.2062819162929;
792;;-787.7686008444026;
793;;-779.1549151847728;
794;;-722.5087958419173;
795;;-826.4742365427352;
796;;-764.7738643791897;
797;;-622.3867300395199;
798;;-752.613254619459;
799;;-856.5603321338074;
800;;-694.1396012639559;
801;;-744.4408501216992;
802;;-666.5570529134577;
803;;-738.0711072878973;
804;;-865.0238387807997;
805;;-752.9643304879852;
806;;-666.8437219711006;
807;;-800.7311276094284;
808;;-765.596724283823;
809;;-695.8469106667262;
810;;-817.6052560730309;
811;;-684.8575643859018;
812;;-684.999188377333;
813;;-766.1262467313175;
814;;-602.2337475827626;
815;;-823.7325820015454;
816;;-723.0749105169605;
817;;-592.1092243772648;
818;;-762.3415464494325;
819;;-669.091413620006;
820;;-739.1937565879635;
821;;-771.0294221994599;
822;;-770.7887190924773;
823;;-687.9039692388454;
824;;-705.0263315672993;
825;;-707.9442980935904;
826;;-591.7353323858472;
827;;-823.492046576659;
828;;-669.7031378598433;
829;;-744.8583899294458;
830;;-809.8169791056756;
831;;-654.8444634672078;
832;;-762.8099923202906;
833;;-780.5603670083101;
834;;-627.1266328652148;
835;;-686.7514230547329;
836;;-786.5096302465827;
837;;-787.6629784730252;
838;;-592.6365899467334;
839;;-655.0683186390279;
840;;-574.4487429004896;
841;;-775.1881082915703;
842;;-665.3781343217458;
843;;-656.7706705557111;
844;;-869.4366785451259;
845;;-726.1360354914248;
846;;-851.3728543893412;
847;;-591.4314459731007;
848;;-864.5298194892297;
849;;-661.2955176683934;
850;;-802.772725457386;
851;;-742.3316159076346;
852;;-781.5731702804358;
853;;-738.1543499430502;
854;;-736.8322471353938;
855;;-645.504063885802;
856;;-657.6138671132364;
857;;-732.2640061937683;
858;;-802.4863552459976;
859;;-733.361557446466;
860;;-763.1029652597415;
861;;-668.4674030944985;
862;;-808.2202499218718;
863;;-663.717316971289;
864;;-842.568943968274;
865;;-746.7077412197215;
866;;-755.5937895653168;
867;;-659.0783784656114;
868;;-697.647413498052;
869;;-776.5511222677663;
870;;-642.5364525256;
871;;-770.2646084867545;
872;;-836.982462469488;
873;;-752.0458412955833;
874;;-591.9324945061659;
875;;-654.2559433790329;
876;;-818.733618948066;
877;;-879.8502405579333;
878;;-674.4244900744109;
879;;-670.8551965004792;
880;;-789.0864515317801;
881;;-789.9782394238566;
882;;-749.6655159799566;
883;;-710.7658774260213;
884;;-771.3752017871795;
885;;-579.7468832647033;
886;;-717.49949420388;
887;;-653.9768537190744;
888;;-734.2601842614431;
889;;-686.2365485027478;
890;;-593.2792719650695;
891;;-691.6383421246776;
892;;-752.8354030288157;
893;;-619.9466919665008;
894;;-625.6486114777548;
895;;-669.5580318749273;
896;;-642.4383143001154;
897;;-680.1687460938012;
898;;-802.5624231040188;
899;;-800.9120894296286;
900;;-666.551878711478;
901;;-680.7345542375723;
902;;-724.3632426772848;
903;;-713.2960948314842;
904;;-716.3620380293196;
905;;-704.0366347968813;
906;;-671.4978639691599;
907;;-635.8112164650616;
908;;-611.4831986388039;
909;;-600.6599400435955;
910;;-637.540132557595;
911;;-590.2249132020888;
912;;-660.8674596616482;
913;;-635.1099066736158;
914;;-593.9183687011983;
915;;-569.0777337607776;
916;;-635.1800772487475;
917;;-544.7042741744708;
918;;-646.5325678266441;
919;;-580.5329477860347;
920;;-539.6661308350948;
921;;-573.8470446164403;
922;;-588.8563005116408;
923;;-558.438439981823;
924;;-556.1743519071431;
925;;-529.0009007024237;
926;;-534.9144300077021;
927;;-582.0863084093244;
928;;-573.7886883479603;
929;;-540.6866028196487;
930;;-545.2210854082039;
931;;-583.0031376871699;
932;;-531.2151227359597;
933;;-579.7672990689395;
934;;-640.9407128816541;
935;;-510.49421997517527;
936;;-636.7945560052314;
937;;-600.0733964050982;
938;;-652.0257613322228;
939;;-640.5036626160108;
940;;-582.0871341277204;
941;;-688.0371597578668;
942;;-746.612562742734;
943;;-650.085374268219;
944;;-738.2042006070136;
945;;-580.7250280314701;
946;;-540.7180842077785;
947;;-510.6650311989673;
948;;-572.7650762843446;
949;;-584.1231429417543;
950;;-616.255864371135;
951;;-562.3644857634753;
952;;-514.8081782071192;
953;;-734.5064763285569;
954;;-636.9329250985492;
955;;-559.8979246696072;
956;;-569.3169376396389;
957;;-602.3890475459726;
958;;-541.2199145935161;
959;;-616.119146317121;
960;;-580.7821395864864;
961;;-666.8312908985266;
962;;-530.7428412689535;
963;;-567.7848481351941;
964;;-456.16652365678476;
965;;-605.8859457136908;
966;;-640.970395327107;
967;;-688.092877329092;
968;;-369.1610061661624;
969;;-595.0469534805063;
970;;-794.7998684892962;
971;;-689.9151437283305;
972;;-900.9448814247642;
973;;-494.9021426108138;
974;;-655.1808661142727;
975;;-670.796549759878;
976;;-729.8165876253108;
977;;-666.3757821189629;
978;;-612.8768210865271;
979;;-618.3124031576152;
980;;-684.4668155689263;
981;;-672.2259856555163;
982;;-747.5179676516177;
983;;-705.248702685579;
984;;-569.0367379336644;
985;;-676.4973272791071;
986;;-799.2488796932822;
987;;-755.7678974894483;
988;;-612.0445367444418;
989;;-777.5842997064656;
990;;-726.6052589125732;
991;;-577.5296896179327;
992;;-766.5182115912569;
993;;-709.1461804325833;
994;;-756.7493655141077;
995;;-731.0975212784518;
996;;-688.796691774878;
997;;-733.2583973846856;
998;;-752.6515881030597;
999;;-606.4056961392239;
