epoch;num_critics: 10 - eval/reward_mean;num_critics: 50 - eval/reward_mean;num_critics: 20 - eval/reward_mean;num_critics: 2 - eval/reward_mean;num_critics: 5 - eval/reward_mean;SAC-20;SAC-10
0;-529.151492691981;-570.2413142569975;-738.3687676944063;-687.8298909845398;-651.9998036533399;-633.4514170944283;-616.8050504752903
1;-548.3419966745349;-531.974000865009;-868.5840229355384;-828.8952712959148;-606.5881119247622;-552.8778592525914;-597.7637975880099
2;-627.0905174235309;-579.023733468154;-566.1612115522125;-741.9750471518879;-534.5345397922779;-563.9214105111631;-586.4550769424147
3;-573.0558191178337;-578.5118309358922;-851.6753397058135;-837.6207476023512;-665.5476142417172;-523.9114829910644;-420.5823307853246
4;-624.9962368057559;-587.8536574173215;-61.675076878199135;-581.0346636229976;-581.4695528660898;-552.5388906540695;-757.4844394734837
5;-380.15908017466586;-635.5267957336193;-369.22260610086715;-613.7777043849254;-675.7776752798488;-543.8023422809171;-882.8223480060608
6;-635.8653784220508;-798.6901912118313;-665.3672717661908;-708.4852347305748;-510.53230361415785;-680.0205934617475;-540.2938670135414
7;-594.1405560020855;-726.0183908521233;-633.9554122215297;-670.1066851877961;-515.1557618188392;-636.8436566442804;-618.0876135585205
8;-587.2208059495663;-777.4172804940774;-682.2313723009327;-674.3049966384166;-539.5881623349019;-598.6573355161253;-840.8707383837952
9;-565.4758634954372;-770.8526503002107;-612.8932441712153;-622.1553007055488;-570.7142417907417;-618.8525645845649;-641.9817476971335
10;-401.02933465456016;-792.4851959880923;-678.4445746864775;-575.7010833280265;-511.7638182514387;-664.7061851434394;-957.8777687778468
11;-394.6716675688523;-760.684901699739;-691.919904389674;-603.9319959364653;-471.64754564386897;-503.5543968088967;-592.1394851959014
12;-398.5312418835989;-769.207630259828;-501.95966660283574;-620.4982366385427;-623.1927533365656;-755.5789448533767;-517.9905503976349
13;-444.87219743894514;-742.266525984998;-585.2905441074709;-606.6414139378932;-667.2976025458104;-772.4794994431659;-774.3188695567075
14;-400.06840614998066;-543.9136475242285;-796.694274165867;-580.3506415824443;-435.7349271489826;-719.7303834739203;-594.1191126029614
15;-563.7381288926431;-644.6788686852683;-735.3404225123434;-629.7892535413525;-494.1219067666983;-607.6446535085372;-736.2890159993806
16;-719.85530945708;-668.6057998454983;-672.6813931327134;-603.5218354406545;-520.443298539353;-519.7420912135068;-889.3448577583886
17;-742.9716039335574;-367.7125850107687;-662.4879107750662;-598.6654367742494;-513.5498642469664;-670.2497904120572;-835.7213515525915
18;-676.532503371213;-725.9810301618584;-680.4523605071698;-583.9254682099456;-619.0836959021833;-806.088641938798;-1005.2235463639997
19;-727.2555934458692;-663.9011777979487;-761.7966412592276;-596.9089788704081;-584.3680809110854;-787.6974184146527;-835.5668295734697
20;-690.2250432756223;-779.9209775549891;-771.6027590271051;-809.5766282295228;-600.0621040987835;-753.9297804066064;-995.7100136151499
21;-621.9413741451356;-663.3082515859873;-810.5104658799293;-849.2350862654723;-645.6783086751842;-677.2444882755474;-839.1017909571717
22;-572.7118096051706;-697.8338204788457;-732.6010692537322;-799.7685347772524;-634.6078254032652;-721.6001129422295;-700.3833967020602
23;-647.1746446105308;-815.7894882749249;-684.402342570354;-868.5400596720292;-627.1007547386326;-682.2824994200025;-679.8241245149156
24;-626.9187789564338;-676.5954117104117;-626.0047742567046;-780.9334699837439;-610.355198073185;-752.1378947931596;-586.4929103969018
25;-667.1549991407383;-703.2400903771429;-703.6351404131713;-787.0268336791386;-605.9530592653932;-701.2899972440732;-672.34380553238
26;-702.2044981814647;-635.0096346673505;-589.2190139166712;-803.2059792094208;-535.7346297522969;-664.2543323581178;-616.6899591265303
27;-671.6007468901257;-566.6555828967828;-564.6158087222522;-794.1076244498606;-750.0049577552847;-678.3828330187223;-627.568123299465
28;-606.7336552565266;-609.8388125484338;-524.4141079776797;-817.6468114162019;-649.2139861948244;-570.6084956694715;-697.4800258117482
29;-586.5683447206311;-642.2150487097408;-500.56211858384177;-794.857127154228;-575.2030419948683;-631.0494826755339;-696.41141530227
30;-575.4990786172502;-507.0459944567218;-546.0419285737282;-841.1189215838325;-560.9238660993776;-587.7528572815474;-716.4267813380764
31;-549.8148732856243;-521.5653542588094;-486.7716365015258;-786.9629402907537;-564.7937294611573;-565.3390910709908;-715.0620112883331
32;-579.1773706998084;-558.8336738755855;-547.6716790311652;-915.8918488301039;-484.8318503550844;-612.6199136209498;-766.2889550534716
33;-543.0565800294823;-531.1735581059029;-563.9294589524106;-719.1954395223777;-506.179960993215;-616.3278666281865;-763.3416940961012
34;-614.6831630601648;-533.2415260913607;-608.4980264535772;-805.4929848737794;-518.9368781741272;-722.670160823571;-600.5442706824931
35;-775.6360015887606;-603.5089736086018;-573.697350953604;-762.3124651621147;-494.349410521349;-602.5513014716671;-743.1880898712541
36;-909.3490477479033;-645.1807843441234;-585.0420482449929;-829.2504910936572;-502.8121190567394;-510.77641564748546;-749.5814448787394
37;-831.9703664426253;-683.0782912821971;-634.7304796676033;-681.827273181448;-486.50457899294145;-607.7143841701527;-684.6237595451472
38;-683.2597799186293;-398.1319233722584;-708.4744489884868;-806.0658100425649;-513.7001807120719;-484.634980780175;-638.2968175178299
39;-652.2088303503759;-279.5459968810722;-733.4630268708147;-707.4431607391298;-471.05494740522204;-618.8038490879015;-671.8278659585214
40;-729.8514655057172;-344.7452182565495;-701.7891285362638;-873.9145826667364;-453.6271356618653;-816.5359398523393;-570.2551642648244
41;-764.3134420142628;-149.52332922946403;-790.1532922574181;-720.9184347090015;-490.28836125298716;-620.8524047011038;-421.7675331984042
42;-701.9759208866649;-182.98102272161302;-1178.0063767951874;-776.9578020762526;-533.8138528786562;-706.4973677606438;-557.5016860915762
43;-840.1528149749109;-157.3340376218768;-1125.9747938063024;-677.2274873672139;-583.7974446161178;-686.4848716864052;-578.1393426811363
44;-847.2331130933289;-238.60058204736902;-867.7687951724849;-756.1226108271857;-571.3157387228422;-642.7072395743437;-622.0017386477517
45;-810.8413480172014;-139.0019786362252;-848.3434577296081;-726.9889803935486;-532.176961677821;-499.3434320427779;-564.1200306098386
46;-685.2205584074402;-198.29471780911675;-921.4645125613036;-808.1777102819856;-528.0575575081148;-543.5012309060568;-530.0709926801985
47;-718.830851332948;-279.8664380867879;-944.2683848587524;-707.2269129158809;-553.36304756592;-477.82504968171736;-754.0990646816333
48;-692.4182562277874;-255.80492350062315;-785.4061217661167;-743.2047793193215;-464.3450165502343;-472.4098506340065;-767.725479158022
49;-607.5348207672382;-221.85130569630368;-763.0145674411621;-782.6171369887986;-540.0178881172667;-544.9936785261564;-816.4996544331733
50;-566.6658291661249;-260.20169361092957;-732.9935744410642;-686.0207414867425;-502.33356493453726;-539.5460903602091;-729.4455210750109
51;-600.7128196353885;-415.89302905008446;-696.523003494636;-724.4944526822378;-653.9445807804475;-376.62675517020836;-645.6346800432848
52;-598.2741360004634;-460.55458977128444;-580.054003658553;-691.5210386216634;-604.1786608180977;-527.7133428425293;-552.1455988074164
53;-584.660242459612;-335.0505982574876;-553.8136234832892;-775.5794224346221;-432.9396238390744;-478.98500259579185;-559.5319797626432
54;-568.5274872324637;-386.3103276401464;-545.8763357809482;-706.065840448952;-462.2354683823513;-541.3209165052805;-588.8848869285183
55;-593.3195387380138;-399.15209475710003;-584.1810493286496;-800.3493934648725;-336.31855705239013;-520.4462949232977;-574.8391799797799
56;-581.184667526692;-415.4725019869675;-583.6157176957742;-731.5068368305542;-402.5361885263429;-492.24986355896897;-602.2654450447714
57;-583.3808256685504;-408.07979191159075;-504.8760355308226;-845.4239191272516;-90.53149069210349;-547.5697731962262;-534.2624611291587
58;-592.0975495593563;-371.7276175428293;-595.3355463240785;-760.7308523815285;-285.7898069851788;-508.91055439469784;-587.0511396582169
59;-583.133391594819;-261.3404479000003;-579.7763219988462;-806.94302045863;-204.36836443668284;-498.5065683829627;-576.100461760376
60;-575.0399266950282;-365.2660825119019;-574.8579332470912;-612.3620827257388;-251.9120589730075;-384.5609978892624;-591.850506530267
61;-527.6570077301172;-495.5743465266561;-531.3638586217824;-884.7463805367054;-373.05890981473544;-468.8320789000193;-514.6508076870211
62;-572.8985226785519;-518.6528334111285;-585.8844562795588;-816.7148096960793;-313.0780397570575;-533.2487733934857;-588.5523834880701
63;-585.7964676721115;-485.7174513922034;-519.1393745315924;-886.0837679762737;-382.67758556281296;-500.21767819933285;-550.4557196238353
64;-558.7199812750896;-508.61100169103713;-556.5864962987271;-779.081646741035;-306.7716681964809;-561.0030803766537;-588.1182991275866
65;-543.0741783336355;-498.90940502801095;-523.4483870433256;-788.7010294979339;-323.39463675238346;-573.042709686456;-566.6278330952473
66;-492.53131576084166;-565.7774284618466;-523.8407731592624;-873.6123452050684;-390.45380278927547;-512.0561197670345;-526.6761644184977
67;-519.3258056569457;-400.2679082004526;-520.1195577857441;-1010.9442021211102;-14.105420342913419;-574.8410612706529;-448.3521274097769
68;-558.1903197912029;-396.1418536506801;-502.1148145729274;-730.6987389587066;-334.2159847490161;-496.17661156288557;-417.18679667712365
69;-554.294291389273;-458.17643130689555;-468.3181159419153;-907.5162388976645;-254.52380084755484;-515.0060938062841;-394.3364780117025
70;-560.368644839381;-547.8283738349012;-403.6214366631897;-754.0760373635555;-173.94675277402294;-470.2943168919072;-490.1447104971124
71;-549.8432407873172;-119.24209089910819;-506.82842854047465;-833.566763154635;-141.1433776362381;-574.4806506564123;-367.94810018699866
72;-552.5856604111946;-40.790832857248674;-474.56032886525065;-834.728378597291;8.119202125005529;-566.300904834902;-461.84092592931376
73;-538.4843443665304;-109.25627797868738;-552.8782186661555;-862.1052639669072;-195.6641405771658;-493.21171118614456;-516.5813671624502
74;-533.0130530782915;197.02953297291202;-523.968321402861;-879.0064362899848;84.27693253182196;-552.4589974445676;-735.401243874876
75;-527.4740108285455;744.2793675609338;-672.4886636665758;-772.8557615797284;133.41534796395217;-563.1072545672416;-601.8572541277905
76;-528.6810320097885;1563.1889826362615;-709.9152453469535;-812.5035603029885;234.29316613977096;-581.7557795458558;-585.7051684269079
77;-557.1648798659395;1373.2920487560073;-882.5861005658471;-762.5390511725996;158.8198915419469;-511.9237140876595;-611.6078999241445
78;-582.5846235616849;1216.93194527268;-791.7250171816792;-705.9987521992828;-130.8029612847772;-516.698767622538;-603.012812362176
79;-554.1119008075021;2251.117776108021;-782.3087952556605;-751.6801325612653;1553.0572469640092;-536.322852460439;-605.8748184748567
80;-473.6551541821808;3256.346285934093;-1026.7149632239036;-688.1936825850853;876.819833933373;-490.1894964099599;-656.2887263040042
81;-541.8623551468928;3677.5973878613972;-1013.0056590544646;-767.7681928480648;1954.0991455828726;-489.33660888242065;-695.7710100541988
82;-530.7496332400773;3825.918090998262;-947.079141818883;-713.3053755438079;1554.8978448350724;-444.27301697183685;-625.9737841458284
83;-551.4939268399406;3774.04936089766;-803.5515276753791;-712.1652301661021;1970.1638447725752;-521.9397436298383;-680.1480099570668
84;-458.1175566285807;3779.8920861819847;-949.8343754462263;-611.2449845615657;1986.5721956041723;-473.6779397699117;-516.750183086988
85;-487.6862210608841;3663.045999893156;-1029.686092970524;-693.2126228379769;1949.4238305889808;-449.01196030055826;-747.656332456174
86;-556.5512159391736;3867.952091077881;-608.018897904388;-537.4363193615549;1936.471092539824;-360.40737547642186;-618.2445063242903
87;-580.3710177912873;3657.797591343726;-156.04291404616703;-547.0846842303602;1707.435052792564;-467.78375726281337;-313.5635950642248
88;-563.3391802893273;3632.293136019238;-351.88824708097707;-553.4811774060097;1676.8444518321753;-477.61388043440894;-413.53874769950835
89;-563.9775587305758;3722.6987574753525;434.3561968148486;-591.3904993759962;1791.8284743549552;-498.08286414354825;-447.6255847443846
90;-558.9300730659397;3646.676710038691;-143.78624545029876;-809.6980125651972;1676.9710958120113;-485.53802289059274;-510.278357450671
91;-552.52055680116;3868.1006373074133;1140.5117416984153;-754.3479569800149;1756.7452321423164;-470.2477852239693;-183.34127856073042
92;-600.7693912019619;3558.4080530732876;1100.1662430410786;-704.4038123113608;1593.825649153436;-441.38626490636153;-284.2286978941075
93;-548.5702134226356;3718.804809552089;101.16149034286668;-674.2174521221448;1402.3602890604584;-526.887727212692;553.6993297299168
94;-562.9946402731986;3535.674066631827;367.1178925770389;-620.2552132876187;1496.678605203777;-463.13128053195805;833.5921702202337
95;-594.9799775448861;3461.8748335586074;294.9241276924129;-613.6268343702299;1559.7527319499295;-478.0576127012402;745.358554938399
96;-572.4358813687725;3568.285710935453;649.2331109152709;-502.8772698791698;1474.7465648061186;-451.8735196619379;199.35484023222503
97;-480.4426286711147;3481.545906585287;180.76466642913127;-567.2301762274408;1410.6661017364363;-338.03217257384085;1466.4534421280325
98;-566.526447995939;3477.096098574114;158.86441490981161;-530.7782234330473;1316.8673298781418;-465.6871059877605;539.4948816897935
99;-568.5207114871274;3631.802923445932;705.9122735585324;-594.4262163201133;1263.2478174814162;-437.615226964129;1222.2843584240727
100;-571.572560447073;3614.518788099672;319.7737980506142;-538.6594247259488;1268.847036047077;-197.8915445235576;2202.8540203194234
101;-550.6318062546916;3494.8279094977506;1222.0147720958532;-616.2126613792437;1326.9116440169503;-389.5216507852284;1924.1001511445588
102;-568.3772260466383;3241.912126008461;1071.2230006925888;-542.7082098973038;1303.892076159079;-137.9648922265355;2695.2333264396757
103;-583.1045918902768;3441.9895124436275;-60.280631857132825;-596.851681747896;1185.1471044821046;-288.36958983961114;3222.508428366596
104;-542.314558476435;3578.8616548114524;482.11075967439035;-536.4274293941301;1155.6593142885254;-115.2972941573059;2292.738843502011
105;-488.58733726048604;3496.4730900869026;397.7600003332373;-565.4318183579334;1178.0713179606296;-198.2380465411064;2990.2243596173616
106;-581.8711359104198;3618.6468290219464;661.8430123009718;-585.9720122749384;1189.1802922394609;-102.57199543561005;2290.6124878330143
107;-518.8936011391982;3442.717492638076;1254.5564645151337;-568.1236574880428;1198.97812388055;79.30098437992119;3211.427830800779
108;-538.5113073941;3405.063858206077;1590.153337166355;-593.9430327278808;1152.9303975912546;166.27342343894543;2661.4037212564363
109;-541.7507531845295;3207.7414264134777;292.01038875865777;-573.1155770386322;883.0226080350387;268.158230080333;2866.62473734941
110;-550.4346889505968;3210.0520671634267;2257.724626357585;-512.0306434241222;800.5052545087141;26.246858187075976;3049.0305828841583
111;-517.222536409869;3492.861072156894;676.6435693550485;-588.4202241791916;784.5615818312461;-22.28200751375187;1992.776292978897
112;-538.6415438511481;3466.8254437410337;1720.4596061032923;-522.6344142035596;911.6071005429712;136.14401728397507;3140.860781306402
113;-530.542347144627;3302.5388157192756;864.5582303766139;-536.9036188944995;864.2998375004512;541.8119357035852;2821.8441143051173
114;-498.65999691729905;3392.4794157138604;1272.5853018285602;-498.47296328718795;484.71275882126525;589.0369867539483;3491.6158069869293
115;-464.20275407345054;3436.725115182101;577.3089125932487;-562.1601276030285;1124.6437313489475;948.0457642094636;3196.75083337267
116;-508.28100889573653;3178.29985211334;822.3313259954027;-577.1223768029228;1021.0924444402966;1137.900885231888;3109.036845505552
117;-537.4162476730244;3382.0612023630106;240.6683640805993;-556.7555436384572;1124.6422504189047;1111.5779473638463;3322.799983585529
118;-517.1943781056018;3355.3469299826;1094.4385790896472;-416.76407356366207;687.6905728842796;1787.8836974396552;2557.27176518989
119;-556.3963252847259;3370.2982432168465;1557.9634209129283;-478.55098186396543;1047.1069443143401;382.3348054678164;3187.067218316818
120;-487.4461021967921;3422.335133243055;1601.8280131059498;-500.595954887078;1040.1256785276328;588.4971095584712;2983.482726972435
121;-506.2549569954166;3417.4617953504303;2316.734859299278;-274.7889193570198;1086.664977461369;564.9069013807518;3025.085919170776
122;-531.452370214263;3417.557471114221;904.8281118749732;62.34569648970398;993.637369658393;2390.8555169137553;3289.55618096576
123;-502.85190652940474;3268.04365452541;1054.9432292221177;370.47107713125104;979.3343481199918;4011.341395149209;2680.545738364792
124;-500.96213278094655;3371.9753576527073;1155.520760530421;195.53239109984347;681.3579130995388;1803.3987239807884;3186.3320951270425
125;-507.9321987542897;3417.4376109052523;1921.855031000942;353.6335932229693;961.8050589839025;2872.103251654231;3023.1442208318877
126;-542.3974662747978;3383.4372491586428;1975.556079617839;135.02047721073268;934.0260451639854;3860.1976239139526;2760.2366644396443
127;-526.0039981951361;3361.497223317206;3181.9911824646956;493.55224210243676;983.1233906702035;3257.437469440845;3045.932341022778
128;-485.05725874569544;3488.444728197713;2463.8247809877753;233.95564727351302;981.3209276549971;4524.966036312208;2958.687918196465
129;-509.97085010173157;3343.435500126235;2629.6444000449546;-9.771853750077321;865.883609632604;3848.7099526127363;2920.7192222891877
130;-484.68092554733647;3472.418789670578;2677.599386172972;326.88710350181407;512.0305406335751;2062.534530442134;3183.938694474041
131;-460.82102563510426;3563.654024787672;1861.299994610632;11.788918197176118;934.0912455999539;325.4495966385217;2958.6857127234775
132;-489.00145227121914;3442.0139818842376;2707.398800620405;-98.95238313112307;855.8674934699269;1958.173101006767;3235.922622143353
133;-453.7330623456568;3780.2850717675865;2568.6106714289226;151.49783335922785;753.7610923556019;1161.7244525901983;3325.9179114566577
134;-496.63047622954747;3687.2719572149063;3358.5935723615244;373.9869460993319;962.2143090720085;-40.40461820243978;3220.1448746654332
135;-538.2077263208987;3640.3813459494836;3064.9468666059593;-12.790432447315464;945.069285229274;216.75844888619176;3734.2514007858235
136;-273.08192147205773;3627.8731873621728;3105.005239132499;433.29519865072336;871.3600137794676;890.3906676644694;3260.825867365485
137;-462.12800368253556;3672.6468606003336;3058.0118762786956;248.90345205606422;1052.0284636757215;545.8840362471676;3188.0449127530833
138;-424.8922727574726;3659.6460834478794;2460.0987722664077;29.146761679516736;811.8862235317032;304.5003470879564;3312.101857369385
139;-33.71089440123755;3889.537234692462;3021.9131707513484;316.46867609827797;924.7100642084439;1009.7355326830582;3533.411702350009
140;-369.80523201123754;3693.811376215623;1330.3526592576086;123.93938970300981;912.6024967235827;527.9367019744935;3328.8626933748883
141;-312.01520086868044;3876.9698070031927;2641.1374571094816;294.3776256125467;968.918901999701;295.2299720911601;3195.8384834803105
142;-417.5934505086966;3766.713240031717;2399.2671773945735;106.57514619787256;853.0623083744852;1749.6449576554332;2528.0381738917977
143;-417.90338926468274;3917.4509584316766;3321.2305157156165;552.6983030265103;975.8172150895706;741.485235909728;3619.516429044509
144;-227.8130566645347;3892.0048414928992;2486.4339695712306;182.10094458883447;1061.4210806013134;67.65551130061476;3436.216866882388
145;541.9587940838975;3806.999754175116;2877.9474117960963;612.9566979626177;1012.9032022984638;958.6694416304017;2650.7479938323268
146;503.5890284271365;3975.6549310010755;3042.9254473498904;431.12347673229976;798.6281675701312;1148.627156201875;3588.177627939274
147;1970.4550321323375;3891.7975155895983;3295.668301231123;290.578431759336;913.4731872976552;351.32217699465485;3837.5617451303638
148;917.7731679959628;4092.4128361102294;2466.920033850532;262.1767518639258;930.6443497400662;2525.4625783408833;3808.604017454299
149;390.6455580666217;4048.744730531575;2671.8288048114823;192.3107992999888;985.7369766599809;2416.8748872584647;3807.0624417918893
150;955.1341295646305;4081.6531586861556;3070.6170641456238;780.4755311865708;1552.4167393033088;814.3868609984956;3630.603675204767
151;2299.6108339991342;4447.887070586483;3148.919864855099;326.6901909776733;2115.8505549216507;2821.717148685998;3745.0669485839912
152;2129.668724297523;4191.70143804954;2278.19433361979;449.3890298976015;1813.838078740617;937.5968687543466;3699.5637745833214
153;2053.3267111177215;4066.3782814768165;2234.16337696977;753.1465583151587;1910.5583286055644;3013.27032967554;3458.097696345376
154;1550.1147768100593;4066.963496046194;3108.5204515254723;678.2112370944876;1842.4768335164342;2028.420663911817;3808.726495191967
155;2237.679401682877;4164.633968162368;3278.9985056182973;925.2283669570057;2021.3376507037135;2728.6883266653867;3829.4733551988343
156;1815.531519685021;4113.741589780019;2776.582657768679;813.3639253503258;2818.400021604273;1931.3229991556302;3838.9134958899754
157;3349.772190649677;4263.636213915325;2430.0908331229584;645.8097108115344;3213.9184259715794;2394.7441350863523;4155.574888887856
158;1754.0184359102834;3979.137753920362;2833.7257155620546;728.8713870742037;3191.2371864598276;4107.062489395151;4011.769533622182
159;1749.230279233842;4233.848943949959;2837.9119238453536;292.34538907334957;2885.7420181364196;3807.487450522372;4085.1496463659264
160;2872.5023916524106;4246.953579307507;3300.258133493336;629.3164163836567;2869.3233966418893;2840.509478046847;3791.0885170639426
161;3580.351751596236;4068.963675517004;2679.2269195251347;708.1987847251906;2950.4654211593643;4150.710608181897;3836.549224475203
162;3288.0415709074964;4017.0881894170307;1899.607747557082;669.4501961120358;3732.8115706945564;4192.344710633525;4015.4380906503197
163;3425.0793506854216;4200.3279394473375;3194.0752496388436;806.8659759922457;3752.409498784784;3122.0046032814707;3866.098801899495
164;2981.0630021699485;4176.020203420579;3305.229481956222;814.2840618279665;3808.3259205850763;3719.5667993114744;3868.843360860118
165;3664.8256776337175;4168.788154938481;2105.1053782402514;659.908324342407;3642.9876708575102;3223.5506003640994;4250.703533662485
166;3484.7658816291905;4220.670571907292;3349.4524313260845;987.2210874665483;3758.2548096750234;2401.3257380830814;4150.394187746048
167;3410.981292218335;4054.3064047951875;3227.905301298216;703.1019697563837;3874.132855335722;4504.389563068706;4127.494841455259
168;4189.951726420322;4260.758109483813;3411.376949919048;591.6288561916318;3835.903619234999;3577.655893369859;3915.925801136269
169;5185.791642347418;4431.217633253165;2532.2248514397847;873.4489836911234;3329.9843331518086;5338.373835873398;4168.448086531599
170;3767.6045050341104;4144.035232884327;3405.833451789085;1073.6740465576363;3936.602118323319;4142.250905084429;3983.6544482857607
171;4116.855283867424;4222.0201095535185;3389.634261905047;386.18140993825307;3740.96272021981;5441.24424440797;4071.8182481735093
172;2231.4034291573225;4185.768183449514;2746.2779638167985;798.9591527404812;3811.0110291616415;4189.868466765183;4093.5130012570125
173;3006.6110290449387;4240.833888195666;2447.317204275664;580.8809155569122;4001.476309924888;4642.148225497368;4224.829713660988
174;4803.3202425986865;4143.0530161671295;2859.0435284217233;594.7606497995914;4071.8511104198565;6682.991275745293;3926.4351927320495
175;1695.870312879741;4322.839382292086;3387.286748765967;247.05916461608294;3917.7370465929494;4914.612777501656;4215.566242551026
176;4242.0722479035685;4178.137663827571;3014.178541071627;391.45508988195996;3918.0307709086774;5539.851838376833;3878.516012983842
177;4680.9702188284045;4184.262506161795;1021.9665185643053;409.9266389085865;3955.901622389848;4441.550106578894;4154.84631059066
178;4952.945274473895;4095.0474285008604;3263.438326546236;166.18330668947425;3984.051930965839;5561.187000694949;4139.910267010613
179;4115.96348439453;4300.316111959864;1558.0291908581844;335.74979771450865;3783.9403997469735;4172.879586137358;4277.661127103453
180;5668.532314262703;4398.230701498434;3611.3176685045023;354.4752021959103;4066.208610842446;5804.138421729098;4110.804343726355
181;3545.53765852716;4189.55853491186;1994.4594466944334;169.41149421263646;3913.828937903389;5628.005598202338;4377.272978764283
182;4156.696859915497;4292.631643760612;2579.135197233126;-133.62888457941276;3637.2298706756615;6213.654194345418;4266.085022503458
183;4424.911786200857;4311.632098414413;1977.730285942495;47.81954227583475;3988.473593013815;5940.580560692394;4142.348089316723
184;4815.125807911369;4183.34693481473;2967.9651748060533;230.2052868838161;3919.147347888508;6573.630982237444;4318.57683115419
185;4006.086897032138;4377.112752822679;2861.396034297144;53.69845915011739;3909.3463927670055;6220.360223348187;4421.04198494494
186;4611.841511987177;4334.174030604039;3502.521077979012;-10.666084089029852;4115.915442412153;6711.078054234904;4380.138430302443
187;3516.809848101579;4277.798529305653;3648.334238816842;119.06331238438318;3965.5001597401006;6934.53828778457;4372.031917636121
188;5997.886582752903;4386.449462916756;3345.2014039747082;9.185685234803657;3948.9821594771192;7031.162060245368;4375.284385956858
189;2156.3458213729455;4363.917454126584;2733.770706733723;18.88595030488809;3710.834732305896;6376.757444099154;4338.2039469584515
190;4831.5244917531445;4501.276239846258;2458.562796565056;-25.040349045043474;4058.232068356365;7178.566732958701;4556.967864820222
191;6055.397055320869;4395.730003219146;2243.505771795809;-142.01863304181938;3933.555424098772;7148.637175734648;4312.841789987328
192;6165.159295235679;4313.821365662989;3480.355547834497;92.51945929537187;3946.967201444616;3810.3773960868057;4457.183907100885
193;6244.219880278203;4349.2745362318365;3320.4103950655763;-35.310907673561665;4152.861095660167;7299.658402503713;4402.18660923085
194;5244.812882460449;4308.872610356092;3410.244705246332;-86.84656166047594;3973.60036704133;5747.605654794618;4270.345391232871
195;6665.944383421464;4419.140071548713;3204.1424639678467;26.374079218896192;3971.611015635876;7222.03131478825;4419.008893346627
196;5170.0887027603585;4433.940577580754;3198.25725221559;112.35927068017494;4005.9610957103414;7154.9429184663195;4478.603543685737
197;4025.599255147594;4214.833329990628;3165.1899457038376;187.8379733094912;3953.485186184562;4792.744196452444;4351.98764051507
198;4996.765295670009;4489.9671721420555;2626.3561916090293;139.54762543570519;4107.064273108708;6764.247541406459;4385.908797755724
199;7605.724100387326;4408.0224603952665;3665.4118677828797;81.62363044343361;4052.53659551359;7357.303301248527;4435.247693979169
200;6989.280238408074;4416.146294379278;3480.8351929862474;103.10215321001724;4228.785417622673;6776.731532201695;4602.6239407766325
201;4276.750762336023;4506.1744715552795;3352.082437197007;57.09933142953598;4118.771466325499;6035.548464047432;4580.737251712662
202;6983.367042635829;4372.4229117884715;2992.897217822253;-69.90999900525021;4112.703287280505;6571.335152242935;4516.358773686025
203;7234.924130866488;4280.889848950804;3611.015677690495;165.0292604802628;4013.8755668881377;7348.354905912053;4625.978578566842
204;6184.866815664749;4459.033005258389;3073.099994722359;-0.8778215012393474;4062.6858432727904;6476.04469745805;4856.693972689147
205;7625.351786117217;4242.05381992456;3071.151196957802;294.73515189985113;4139.3419286723965;7512.622799884184;4631.099523709076
206;6830.869401098151;4495.889069951151;3335.146739775885;173.83941655191737;3939.7913857992407;7395.053023398852;4456.741205992949
207;6339.062804509433;4272.703647080934;2130.037445257528;-1.1299542929271866;4037.552478860537;7257.935873682445;4561.261115295638
208;7658.623089611819;4565.2098093696795;3728.338826225799;9.387886218179556;4194.314502753305;7481.975367088159;4435.384122358759
209;6355.50053603623;4376.138426301267;3621.1132426994363;562.6209041308796;4951.5454351047065;7550.361188828242;4715.563788837255
210;6472.167625022279;4403.882849580203;2284.08498398372;580.9635974008974;5068.593582483976;6711.584945873753;4653.52128437498
211;7409.062106695588;4402.547573323888;3368.7302512820934;505.81811410536267;4928.238761091384;7586.001665216718;4728.061228866227
212;7467.341851081442;4287.023390363151;3067.494252423492;725.4762819036796;4928.966996172579;7310.049778369741;4753.359933202396
213;6510.044024316329;4539.954526782352;3099.0576445988618;711.6772657154788;4979.292684228063;7530.439115338835;4813.173358495462
214;7684.507732093494;4385.357239455692;3930.5373305058006;274.68004412277753;5075.553841133342;6560.377948730997;4604.086381902541
215;7653.0758036295665;4354.88985959197;3420.5039780802604;337.1399415571943;4983.806962733358;7579.151594530784;4829.4326393140245
216;6623.377814686876;4369.429526140829;3232.6282353002634;196.1139740771578;4921.256921877741;7555.5481288940355;4742.719327593017
217;5504.221609296861;4301.737929752859;3012.744299017665;1542.5553532830702;4995.25111499824;7388.373587987126;4769.080406650848
218;7938.930604293261;4351.1650300238325;3732.1175719900143;278.79291392304646;5106.695678120368;7092.575242137211;4747.244648485057
219;7933.969589411892;4228.344656762043;3561.0227170383814;1013.7412523576573;4113.398800789625;6523.837157450266;4683.062381151127
220;7856.607961050827;4503.648376939757;3694.680428405759;869.6371500160142;5178.5916318405225;7159.476623138036;4852.81667116668
221;7987.220455778313;4268.084742571953;2706.762184973488;671.6362724670473;5104.703565870219;6266.973010571861;4503.900556133723
222;7855.656479575217;4252.864401229235;2761.2932202268066;1194.3658526866618;5229.063485077146;6997.762836937807;4684.564185322919
223;8132.382023540299;4441.00779229655;3336.4033932761276;863.2610799046545;5251.6513713260765;7372.765941950774;4542.953661372152
224;7364.915255879183;4562.843652474005;2821.2176239383152;282.6356814319596;4650.869620580337;7636.951410110397;4692.235469957777
225;7028.675402182166;4539.003917648634;3310.068731994533;490.9733244231684;5278.54003776769;7281.09020507409;4826.956934608797
226;8217.030221074881;4366.036968596343;3729.296022812756;346.5089200437236;4776.39592395135;7742.624823035975;4807.487213146957
227;7126.266871489221;4651.985062823967;3815.6568950372284;880.423260703507;5154.975400947981;7314.485527179703;5064.424731202803
228;7978.657202106204;4579.962263814799;3807.177643022643;679.2887666652757;5393.172815091311;7617.72324019481;4963.880839682254
229;7925.797570051494;4598.787209535678;3739.5763369204788;1549.264348941027;5237.597624931637;7590.957100817436;4671.479202534075
230;8047.915600648664;4520.923929093838;3798.6403453909998;1226.5255388497874;4716.156702394033;7583.764820074514;5137.148851048956
231;8135.054041381451;4539.96187930909;3221.7693223963443;1285.1462032947425;5614.707532554787;6593.7931290219185;5019.5601700081515
232;6913.103007028459;4550.00324574833;3043.485648822918;337.70476905251894;5344.667895136562;7656.987804667379;4952.787172113152
233;8394.360777157355;4560.231318256139;3715.997903203958;1516.8265663342631;5452.430656089893;7444.221588906774;4824.639764083862
234;8100.626517243613;4496.47454484996;3492.8394678739373;1368.23496860022;5398.797855178489;6181.973499174955;4774.137621603094
235;8343.032344008625;4502.890118836784;3830.5337566639;1074.9024042631204;5328.96703613303;7687.527948228778;4854.831937398461
236;8217.964210562342;4659.9311761445115;3783.173575695494;373.526281780107;5350.465578625697;7587.245936415912;5135.302274873457
237;8175.853230061625;4550.9772575391;3758.005341515394;2490.0513299063696;5655.623216950966;7837.827310715942;4949.240552396999
238;8449.312673213903;4443.333170053853;3768.5921728873955;1845.8820404437097;5506.622771890056;7661.646010112873;5032.570570199417
239;8382.961265776341;4337.019053027842;3726.8289474232843;1576.3657694038636;5545.630005347596;7932.716424307689;5155.705270212371
240;8083.356797163465;4653.934778618598;2788.788926091984;1382.3412475045666;5545.0712039189775;7766.901717979885;5041.298622177614
241;8397.82409490665;4434.292163249947;2980.441546814737;2508.512012105316;5605.547781802266;7642.739959440945;4999.7574929327875
242;6502.772664454495;4780.330009870836;3825.9627572472687;2506.190442423187;5654.362240641322;7472.359389259141;4902.793458822551
243;8406.538480681498;4685.922658899948;3934.255163082367;1261.0745472394512;5618.911802171824;8113.847880280909;4900.897689528722
244;8389.20270696237;4421.395980098799;2968.0672967765013;2191.028791940989;5711.947497609441;7660.248321458683;5240.640186780756
245;8025.372242736102;4623.06359693724;3897.887308522423;1879.009685817083;5702.607957735721;7727.503142849154;5096.947268767529
246;8714.275637893144;4606.0665954695;3796.2424195530157;1531.539539264923;5559.918951142301;7838.3167294213035;5090.158704660274
247;8368.607624633125;4610.312383270774;3592.3449918596243;4129.113048567802;5732.834618434532;7957.075560190696;4986.900338567521
248;8595.812281112609;4518.412448023247;3278.1825768986623;1387.3992020668848;5264.078798389001;7569.379479408987;5016.172887269115
249;8676.492415202827;4490.969493741254;3647.204765874928;1360.542867293167;5557.923020185916;7659.358152733861;5046.994473344464
250;8316.823066860485;4804.282146741809;3712.2438761232797;2188.8472075921354;5743.84895530141;7741.147640923725;4977.755169722918
251;8357.452446958354;4496.888591656025;3595.7799693396723;2066.4974399453868;5790.9082062391235;7813.154829555271;5019.624075974933
252;8456.704616640993;4646.315761251784;3047.028290675623;2177.4509927741465;5838.465639051183;7686.0590628859545;4907.158472404171
253;8716.957147348407;5034.995116781094;2868.6061788860798;2648.5538250272575;5624.795857635274;7980.985360325669;5089.4830552123285
254;8361.988911071265;4603.859515812705;3609.7189254103673;1540.4155345083643;5593.936801123578;7678.393517694552;5125.860864820902
255;8400.87285570626;4459.5232472021235;2950.669537119372;2616.496177666141;5910.480418999865;7803.632186125336;5174.6677055801565
256;8384.479515279216;4496.793307138564;3752.637254400698;1589.7767790826758;5697.2214933871055;7980.203824819279;5134.238404894478
257;8525.881313111668;4947.847569300118;3897.3213824739296;1302.0350331335073;5777.945554732125;7685.381809527015;4774.055449988806
258;8752.164618656952;4850.7309135586065;3811.659765828283;3609.487624128179;5923.079972115647;7882.162408431892;5113.52815771419
259;8466.464748681123;4753.944600669698;3821.211867872828;2495.79138935138;5919.146529357049;8038.206424755013;5364.069729004536
260;8394.440391230255;4643.214042292852;3930.885029800001;2139.098291579998;5921.365824099504;7781.393956303722;5110.410050216384
261;8806.362451251454;4863.804022564288;3553.419124485224;3188.6723920859026;6073.0257452595915;7942.142083448455;5184.584678993492
262;8366.569769288317;5048.677541455624;3725.37823944774;1632.494496007705;6017.1593943461485;8032.42485521392;5189.53557361221
263;7950.731094008585;4621.082827385787;3868.881343323824;1540.4964343134293;5851.590830099707;7665.701002324247;5284.402580350956
264;8569.932002632599;4699.386417039484;3758.8580471464884;2549.8657207135243;5923.102780220999;7789.256634156496;5060.524284255285
265;8479.314981446572;4846.267033570681;3772.928407727195;1644.540253035178;5919.871930116276;8055.592445956402;5062.917091911812
266;8551.93329760983;4834.251229402367;3936.4463482944093;3276.9175157302293;6018.626158524754;7956.533533598587;5070.5864809376935
267;8338.438316614405;4726.497734768949;3851.5247617174236;2505.1186399213043;6035.779144862778;7759.895761414462;5048.230326161009
268;8721.394833016053;4634.1311426348275;4054.182270777638;2552.4212819044506;6092.710983263854;7862.344709868627;4999.228597101278
269;8470.000565755454;4825.846898665393;2905.5942693436914;3477.596554970609;6107.345759039925;7965.403975351791;5193.5858310746535
270;8777.451885950586;4824.602079967078;3881.7596031366056;2384.2960409498255;6134.004668086187;7840.412644764326;5204.770042888047
271;8549.83222740552;4809.0523388588435;3809.429877242318;2646.973985839049;6152.136621614757;7877.124811664214;5096.648424060668
272;8322.588551716222;4890.607017357537;3671.359084344862;1592.9133443430862;6123.46360039634;7735.2094691358925;5197.378607794884
273;8725.044977520001;4766.003982807664;2974.4173918867637;1389.2599360923753;5815.799859008803;7960.0651648126295;5220.254054810913
274;8487.398067908804;4894.481134643428;3882.0400869020195;2826.2668409011267;6166.650937390935;7969.136210700485;5144.10534502572
275;8649.352107777144;4905.187522472076;3767.7232757682928;2982.440469621469;6031.913205195927;7920.172738648695;5153.070712436281
276;8534.811447880384;4731.291412358178;3657.6986968779115;2939.573776664439;6202.177535641444;8015.874456376432;5237.411876524433
277;8132.276620663009;4770.4784809555185;3817.268889390859;2760.4985063376257;6295.490807741384;8028.12403317146;5169.177817420332
278;8550.35804494598;4940.819370483728;3986.2581641661236;4457.917794265854;6312.429220039248;7894.4626588805495;5173.246905885161
279;8476.630210344865;4752.960198500006;2675.3044591318403;3594.4237918584067;6236.898529701146;8139.952207696481;5016.894684674074
280;8370.875752789902;4942.088140561739;4136.423052655761;4597.086231158561;6291.233206256798;8107.8392150857135;5385.228112140559
281;8284.307415716276;4793.151280445201;4149.422032121838;2734.2906160151542;6187.391047643288;8064.590537946567;5254.749398406382
282;8318.776119634029;4943.310272641947;3821.471528479303;5309.4064772006695;6307.0028778999085;7802.914286577044;5177.880723025975
283;7952.101818362651;4699.349343583819;3713.8460717608773;3722.206128797915;6309.41297670502;7971.47573117515;5355.018286955145
284;8580.903901758702;5102.55695548268;3931.5104897589736;1736.4228025293662;6298.355320212538;7924.555218160994;5303.9615232123915
285;8683.776604321538;4785.91514881906;3940.9392361278674;3711.207598531634;6179.971513419889;7871.118688393023;5127.918847913006
286;8601.575355667104;4834.3000491908515;4011.9655220392115;4670.517289668298;6497.356073594876;7920.383795944135;5124.6341372610395
287;8401.41607181521;4861.2224633408005;3991.2150567152303;2324.0579955208855;6228.428681086685;8043.100210582738;5456.902465992784
288;8584.151766140518;5053.605010492934;4001.2895196403892;4776.685907682924;6322.324573919678;7997.07513622253;5208.60046656357
289;8608.413744433445;4814.882344778791;4134.187115364424;1191.1295712282863;6158.157993726016;8202.87664547741;5088.010914331333
290;8471.610725193872;4825.318364275187;4128.938443268713;2676.5831319295735;6260.357117596339;7965.212425783556;5439.470265557172
291;8851.13652406613;4799.500533028206;3956.550958320604;3791.2083473516127;6362.984034287576;8260.753033813418;5566.398009292754
292;8495.6785214847;4832.251821635211;3935.872636970517;5123.059004105201;6456.377076451353;7717.855993035768;5186.136858053828
293;8537.107404600936;4985.317150054211;3938.741822336545;2286.449350145637;6281.196638972793;8014.66124775098;5482.936483494219
294;8756.18257147737;4815.897725770854;2912.3675255407993;5033.978342903372;6249.492456667516;7764.948329688856;5351.245409274756
295;8381.000403360329;5024.184562336541;3170.8107008527163;2805.4333510959486;6342.565355423983;7908.839087188304;5473.189022788799
296;8646.331520027401;4717.485623579124;4021.8147152722245;2573.131318838873;6432.81814356213;8062.433823931597;5153.629603898298
297;8520.697791582326;4821.484614962346;3967.1922543426977;5436.11833449513;6261.283785141684;7853.123597891758;5234.317999845784
298;8347.556578475638;4826.050753741076;4050.788331167627;4270.411845595319;6458.942689650937;7990.950837585127;5183.962452547532
299;8495.244852497233;4824.563567524749;3912.5653969108944;4347.721732167958;6264.221668601984;8002.216991573825;5552.508886387686
300;8624.584511888446;4765.611487054433;4150.037857414453;2896.7459462915535;6464.951640094776;7935.938780298973;5310.592716690114
301;8543.293280244729;5025.666853527192;4065.350003549555;4799.178367821396;6371.5365297624485;7452.678060826732;5292.414119275016
302;8512.068605564957;4892.782122479254;3867.9895789504103;5840.055112241171;6377.912851771232;7931.785576019327;5307.313170409549
303;8004.152430989869;4927.209097583605;3297.0382646514213;4451.624637743118;6340.648921467424;8213.341257151142;5124.7529480072535
304;8600.907947784448;5255.7287223708145;4120.831560012519;4137.170169619189;6469.016073840405;7703.558786272743;5326.681555617075
305;8408.327568654055;4970.280332072596;3245.9334250876573;3607.3818181076376;6303.064163821324;8005.479534135431;5401.7081982616455
306;8448.620023812573;4689.435264913239;4013.233353873188;2986.3296906289956;6413.486116587904;8020.924316935745;5367.316184183335
307;8533.40743119704;4969.544583549353;4024.5119821535554;5053.6750902444155;6491.330577861321;7925.373856454532;5349.052445270543
308;8088.047944963636;4858.2199567555635;3872.5402880352003;3371.3977743027594;6464.479186293793;8014.484668048545;5080.600905164688
309;8388.956822736815;4837.569856324844;4121.047184850703;6726.993148195061;6567.510009607577;8025.3241414134845;5646.348612992671
310;8640.425631411343;4798.361391156734;3992.212803721086;6831.259959803681;6407.056938090655;8153.238964365019;5573.136493232595
311;8287.593245442966;4812.247524997774;3984.927667998035;6988.799739377855;6360.720220361815;8230.628182451877;5377.043966528878
312;8383.107451804271;;3976.3967158024598;6229.859963204654;6545.024453629256;8151.084939330285;5362.88070231965
313;8630.498731457754;;4015.2506164199344;4725.761062443472;6496.677145622725;8231.554680446714;5428.788283995559
314;8755.414604117801;;4032.222537955701;6998.567582791757;6650.216544704355;8171.215104698515;5427.04456315333
315;8087.00190784656;;4002.4145663304434;4350.623662420588;6494.2380708887495;7823.784092064033;5433.965630857127
316;8362.55357514281;;4207.555193799341;7037.456689661975;6561.241690164452;7780.412134586031;5440.077820910896
317;8212.056297732986;;4132.377608418916;6629.117095568358;6496.618341409614;8005.286481408072;5257.244607892336
318;8512.588783037307;;3243.786814911914;1685.2727275151653;6524.152568564594;8113.050215740278;5456.8687420226615
319;8307.550366614358;;3987.457728172622;5390.27618202883;6479.470100590771;8169.977893910518;5481.41087797649
320;8523.704155838841;;3370.456598138409;6592.300254644484;6506.579557309877;8185.753128084095;5300.106604097395
321;8637.899658941766;;3776.8716236536648;4993.06258023517;6419.622420685924;8114.1717697746835;5359.501968921388
322;8495.673924774954;;3914.007154487425;5957.280045034527;6610.016742275815;7945.04820749676;5620.406708297522
323;8671.880873142198;;3323.7444999007375;4693.47838251507;6647.189119755265;8032.949999160837;5335.827290382405
324;8512.688095728805;;4040.1938947332137;5921.44543893004;6650.1517599075505;7883.940804448042;5318.303932323424
325;8578.534371056583;;3416.274333123377;4639.60475835652;6336.6129965319815;8242.054957929875;5214.351955967787
326;8580.572092729984;;3935.2325803789195;6829.860706887269;6519.512524603307;7808.503486209702;5529.009187863159
327;8780.225882709427;;3980.1632197418157;5525.738716133422;6600.553887456227;7973.1343313443385;5508.199032975141
328;8664.327742700032;;3873.222080133454;6594.444145508406;6564.841252551708;8137.286027855904;5309.183404863334
329;8203.93607257873;;4082.885452925498;4430.099736577405;6700.358844961606;7910.7767844884775;5363.563570632407
330;8376.489673019538;;3962.6186906093235;5606.503203076451;6494.695830954146;8026.657016067067;5589.4402496399725
331;8368.84155567389;;4136.319501584668;6920.378082800268;6609.694692972672;7857.926382592191;5609.113483942557
332;8423.834491789908;;4068.6438526138854;3929.6595357246783;6587.371498842322;8309.594044647003;5474.472301163349
333;8372.243968319992;;3812.0270950109975;4217.944350697386;6645.209602923415;8039.896825257614;5326.033068583781
334;8348.151565548455;;3230.0370444106634;5083.965363977564;6597.103339046169;8024.828416547059;5472.793963006397
335;8519.187721752123;;3809.3878255470763;2175.258328213098;6649.548813456352;8302.142873883815;5599.298057256415
336;8341.87118413477;;4102.605471756527;4715.490539808428;6573.52036526104;8566.753976595828;5523.099142988631
337;8597.747579128383;;3245.468123458132;4723.190970859889;6604.4340967671715;7750.196024234948;5618.866967294724
338;8335.41921090034;;4027.3201057846222;7612.848848221152;6716.064745858543;8340.588070045847;5413.347743894011
339;8614.02853130199;;3215.2994403275875;5361.81916389878;6678.95473094945;8281.273426566442;5526.076137996475
340;8600.460555050118;;3913.562247620186;2738.3598619166796;6567.464656612539;7875.694902382454;5453.660566823199
341;8370.652681733345;;4056.263133766138;4355.896693723152;6491.9331300064;7911.7827190150765;5294.66045591719
342;8342.168785731425;;3378.899945293239;6143.787442851433;6491.5669321478545;8120.158498832604;5422.502739557035
343;8376.140227133654;;3891.789087115346;6730.296831302689;6570.078425658272;8352.858320324745;5551.780263793502
344;8504.363958500053;;3922.2880406979857;3173.040403307256;6527.273673231863;8213.632042773475;5347.015083184313
345;8533.382780032432;;3326.5356652407704;7659.561340036578;6641.611210770349;8344.840193320353;5682.812571716238
346;8409.430701954112;;4023.271907630783;4768.105381029797;6526.325062449876;8170.370137241405;5690.746441811844
347;8419.284048139729;;3905.0633804319523;6725.748303465669;6490.941172239027;7885.338263883081;5627.8281690040185
348;8312.932760963216;;3907.3306164422256;5051.31223717238;6580.43229586175;8039.272414476599;5502.087554480239
349;8572.674991356645;;3119.468215715093;6107.126043328819;6550.959922090848;8016.434795657141;5670.062687934718
350;8393.093316121103;;3926.2184651711477;7256.403114287996;6529.94321706155;7981.7961204341755;5400.841883947237
351;8553.083224661093;;3865.6422119083427;3181.5028673097504;6535.06301573247;7799.494310062066;5573.634478523029
352;8347.440135377094;;3965.077664726955;4840.325880779701;6486.309988534683;8211.38619720441;5501.528845616211
353;8685.090005050177;;4038.8777643151016;5281.45155001175;6509.881476408937;7916.33962243638;5643.080046284827
354;8588.342777371832;;3053.7214685861522;7504.4858576202;6628.543723642404;8139.318199306322;5586.890698223367
355;8606.901745131421;;4144.70402275034;5829.916370929171;6803.182905134482;8418.574163066458;5471.958927789822
356;8257.874989919816;;3382.301922866552;6289.063291018145;6643.155435058694;8270.392472496722;5428.166456046342
357;8598.414304803719;;4224.418771870611;6852.783758313424;6546.766342437776;8019.203652172308;5424.506692423711
358;8452.804136211123;;4144.576030792596;7469.228831662377;6340.563444842728;8087.483867965007;5590.978850061052
359;8443.788685048767;;4135.4149651365515;5333.104976861649;6400.531596320655;8102.410850276659;5720.931108510645
360;8417.987550823145;;4115.354071816132;6904.779019717108;6654.165574286764;8278.000641323822;5671.097912013553
361;8487.744702584343;;4104.93273371498;6067.869613532242;6493.344888004053;8147.245816449249;5768.987287147853
362;8746.670371673214;;4182.527692268423;5454.345390256235;6671.20146130666;7953.611729858521;5331.759216805556
363;8563.56215396088;;4176.739486298626;4111.787912749843;6732.564146592765;8191.302345986225;5700.396578472728
364;8490.596858959882;;4044.5996549039946;4718.62967808217;6519.451213090142;8117.213525810372;5727.251263070309
365;8443.519464100447;;4234.551703941781;6157.902101889862;6682.592441941848;7912.702624383861;5681.257838282053
366;8562.258983443211;;4060.95826223763;5347.623091481681;6643.986186237171;8006.965223277208;5880.276037044807
367;8477.99010199538;;3953.823863628522;7786.670174801543;6529.318443646339;7997.881265220551;5771.86701712785
368;8331.027709368052;;3993.2654785385516;7408.52856605199;6677.782142592298;8345.010489800106;5540.123611252822
369;8454.361865654715;;4121.786512749999;6905.220843391493;6662.636218135842;7855.316239467177;5828.499087753922
370;8445.53415985118;;3993.202371190334;6367.2345198898665;6502.903801285462;8243.888133240242;5478.921735817291
371;8514.15493884563;;4005.6017057993763;4932.094983282523;6662.646499193173;8411.985622596936;5525.220135097642
372;8401.477288229475;;3999.567077871853;5609.057774635223;6761.565062707089;8078.728371920444;5769.197268260925
373;8735.10262163839;;3956.3995424582536;7756.212326788048;6651.593962624351;8371.344784506942;5809.15138191882
374;8382.071620069159;;4004.208030921919;5488.177944593482;6723.2776012462955;8250.255074804669;5789.943841663898
375;8445.550496343922;;3960.248078934761;7706.962578131749;6582.461353835664;8061.696448504484;5501.007513456987
376;8598.774433950613;;2281.4308170426816;6471.534755919639;6585.890670994681;8068.628707655941;5442.617069130509
377;8447.730540460969;;3997.261442685964;5739.1326604334345;6571.751075624653;8104.798164763284;5612.858061331621
378;8396.15057647412;;4089.7953718438707;7711.696875581259;6594.2628971959475;8142.162784707182;5919.047108054927
379;8490.111636959722;;4130.376578649446;7463.960137842955;6607.174201146001;8406.576735986919;5700.884828496385
380;8482.893953549948;;3184.593253101032;5850.0676789308145;6567.959742083635;8210.383922898198;5467.2803270597815
381;8342.531499891043;;3938.162367194801;5700.016404510651;6717.274091071032;8114.412538042478;5617.697210891552
382;8594.60719928601;;3187.4555849836943;8012.404961576067;6720.079560346918;8054.046003079093;5793.98913407734
383;8614.914053723474;;3915.5628340894737;6035.7856593831475;6500.98559270564;8033.776660572221;5618.09634331812
384;8604.511916693622;;4090.2034959207413;6729.527468280289;6563.008814905631;7891.441365056955;5555.790566545946
385;8609.789191910046;;4056.1260020391783;3538.156545861755;6599.471401544127;8221.665054305437;5882.052164848232
386;8501.543197488196;;4015.926037335567;7123.779383122208;6678.12610972331;8145.775614535536;5787.413451155732
387;8624.760201087589;;4017.42131096331;6953.824102541823;6642.073948371151;7919.248239906714;5974.940180103777
388;8500.92543668666;;4188.366705403645;5062.6376611792775;6631.930957732202;8225.045333202515;5747.342459093423
389;8527.895149201644;;4032.621199747701;4512.289842652656;6579.753164126762;8288.501567744675;5974.296785159093
390;8743.360543940751;;3938.84339413764;5463.430167897394;6485.903975102534;8093.277797369092;5788.168263621355
391;8277.58664865058;;3988.571641815589;6225.046258594654;6582.122262767661;8248.241321399213;5785.274818295162
392;8421.132577393662;;4303.794797784956;6491.597444569318;6842.55244018736;8180.866563590462;6018.227256509116
393;8527.251210266966;;3951.4758024590637;6232.391360846413;6550.347796761595;8123.847248600288;5943.530878079131
394;8724.442376214687;;4349.821580126819;7730.722994618924;6601.291958336581;8038.822728679782;5778.275602036312
395;8412.044887537602;;4201.294670464724;7443.734953049442;6786.395229223468;7998.990639591515;5992.358838996127
396;8527.251175183857;;4216.91991689762;6156.411097544215;6577.730139169984;8370.28076387013;5575.600447838015
397;8662.69264679511;;4186.1088769494945;6482.422221175777;6685.437291472568;8056.808146797468;5843.8454701609235
398;8860.156560154215;;4006.0083528721216;6366.111182911687;6586.315231365228;8168.524614787643;5924.592755993966
399;8536.241124332684;;4087.681122469313;7032.334817002452;6725.736117700939;8222.203050914812;5804.658246781355
400;8687.176992157074;;;;9069.616464599882;8169.219298570558;5820.50300628655
401;8568.157328096519;;;;8919.473742983278;8111.476589668293;5798.720141687161
402;8278.933048431423;;;;8797.91243288994;8060.785196309114;6060.488520240961
403;8532.334189925408;;;;8747.086341435703;8115.355489710836;5755.008040037684
404;8539.296888776726;;;;8961.576729794075;8252.621567114295;5610.496435547231
405;8585.707001055309;;;;8849.696900422092;8152.126646099688;5834.889780446857
406;8589.070839788252;;;;8884.332645377;7866.629961283504;5910.701940307621
407;8592.050519720518;;;;8968.68927143668;8018.0325777861;5744.507698554384
408;8684.843174693657;;;;8906.09621668709;8080.525189924781;5913.718347399989
409;8639.829314640552;;;;8790.060148731225;8139.795801849779;5795.787225250375
410;8375.422031223141;;;;9037.909706665592;8246.867187202879;5978.506793411221
411;8450.501420032733;;;;8925.988786182263;8271.199208136075;5874.579706010918
412;8539.044236361407;;;;8741.30547237215;8265.871423901237;5971.188654789923
413;8654.598587723762;;;;8856.820981791689;8266.835895269693;5862.255220810334
414;8670.125847525973;;;;9123.670246007388;8230.270111950094;5790.575834254312
415;8769.61491295984;;;;8811.849064660888;8063.171394315565;5779.566342937776
416;8497.947333822245;;;;8937.002910284682;8367.218246810622;5988.500331290453
417;8504.309188860634;;;;9020.766529414952;8322.675537826717;6117.015852995055
418;8549.359283082773;;;;9095.728436681782;8342.14406695213;6051.914777047439
419;8553.109194399052;;;;9018.141017739059;7848.708620190462;6122.710016690061
420;8688.928173233853;;;;8861.746784934603;8003.909584142311;5842.215191963586
421;8613.46226834137;;;;9074.828201723292;8482.631823657248;6087.029761876593
422;8595.73218404924;;;;9124.885553022785;8115.563344837146;5799.354233526925
423;8681.978995707113;;;;9107.799249921558;8281.714571057946;5915.188908539805
424;8544.498086151118;;;;9062.110677674362;8346.55551424187;5863.182985183781
425;8592.063327901538;;;;8843.621057933366;8260.609359737902;5922.676573675917
426;8542.655477356648;;;;8938.359681006885;8163.183256871719;5875.468585562194
427;8556.315709505194;;;;8911.08808920949;8121.477678023504;5838.3727653697815
428;8511.33228576238;;;;8788.590921220242;8051.71081679473;6028.797388802392
429;8552.812992565785;;;;9004.666474865753;8035.116269322374;6023.579264056774
430;8612.01399935431;;;;9179.958570908722;7963.313772687825;6018.679286246615
431;8712.618380209376;;;;9139.096923287638;8246.787585144008;5884.817225449745
432;8657.46889744659;;;;9014.188437516474;8050.632900805863;5944.206343770313
433;8547.017712446464;;;;8939.677077203727;8083.288179330348;5874.719980360814
434;8673.080134383174;;;;9094.973505250426;8066.73862413152;5735.122425419412
435;8554.563460614394;;;;8986.022942433357;8103.493256609164;5780.451769745328
436;8848.183966154607;;;;9416.798219414799;8431.778056721825;5814.412247376263
437;8655.463949550653;;;;;8339.013280933545;6104.631802831775
438;8827.941550820686;;;;;8415.59864841068;5923.105223807823
439;8700.616164879983;;;;;8127.686636204393;6251.436799638569
440;8611.73091841627;;;;;8207.698560240422;5946.036328123798
441;8653.139928267552;;;;;8341.111893392575;6090.765760855977
442;8865.147484764757;;;;;8031.083276336346;5890.084817981542
443;8715.53643475875;;;;;8089.801014876262;5860.889766667092
444;8627.882191829813;;;;;8243.314412814841;5903.220142848548
445;8568.989464303659;;;;;8328.06336923409;6090.200900755626
446;8576.655164017982;;;;;8358.044701760307;5929.319673251519
447;8688.954612006844;;;;;8353.26513005538;6140.281856300289
448;8678.324436586769;;;;;8307.68886193662;5890.885258836169
449;8603.61025399949;;;;;8529.433139381643;5884.833521545717
450;8614.580395314755;;;;;8207.595769118303;5943.138679772164
451;8733.207221352332;;;;;8410.46110636199;6014.926177485928
452;8630.878298083615;;;;;8444.51920915388;5993.909114344895
453;8555.037994558452;;;;;8233.517564996782;5943.328967507494
454;9001.740921284712;;;;;8064.133549090754;6070.818605749645
455;8869.106456015525;;;;;8193.650171697283;5936.598682885
456;8673.581872145947;;;;;8075.444300890599;6205.23584873669
457;8775.60070619344;;;;;8174.221580779309;5864.499744448396
458;8872.555469600278;;;;;8140.906160734424;6030.045098394084
459;8535.247662667143;;;;;8177.047295910199;6161.49379918112
460;8654.440678476916;;;;;8142.452381339518;6102.563724176364
461;8606.079818058948;;;;;8356.189905339825;6140.927553005544
462;8574.738885243762;;;;;7970.588695914083;5879.9587194055475
463;8724.225873561825;;;;;8395.985711059631;5899.774163224661
464;8749.288882698173;;;;;8105.823174333555;6013.036206597104
465;8830.910067468332;;;;;8100.799748823831;5835.170525583766
466;8821.259988795558;;;;;8285.543095416435;5961.856748246675
467;8639.102767836988;;;;;8487.921651718301;6109.910610105357
468;8619.61651007552;;;;;8396.33912027446;5807.178929904914
469;8975.854835252205;;;;;8358.310962121792;6102.351674084275
470;8785.527255037116;;;;;8244.736448917465;6051.959223289924
471;8681.13782487361;;;;;8402.083876419856;6199.931664722431
472;8692.999879522566;;;;;8427.991956945285;5956.589375919239
473;8939.561553304165;;;;;8147.347263271193;5846.8362239454855
474;8712.660476150937;;;;;8248.53440403621;5841.956920184919
475;8844.328877139871;;;;;8356.22136757791;6048.382570044336
476;8840.571688018339;;;;;8531.218169632548;6146.826314601566
477;8785.88343991545;;;;;8526.880946810434;5722.519136824807
478;8830.454994308091;;;;;8422.697534339368;6096.784931281703
479;8614.17928820047;;;;;8398.38987135484;6105.785744596424
480;8823.255878887192;;;;;8249.455020850808;6231.5205148549285
481;8856.497210604972;;;;;8322.80441076316;6012.73636514873
482;8859.967876068109;;;;;8412.90195744419;6111.5428699021795
483;8771.501819518675;;;;;8331.27812784374;6317.842653393638
484;8790.473442653722;;;;;8004.277163305295;6128.743354182001
485;8704.303458491855;;;;;8272.575408727687;6090.347573838512
486;8883.270906588845;;;;;8310.831982959298;6061.164084564913
487;8943.709422353128;;;;;8448.070080816744;6031.814372037942
488;9056.515367708762;;;;;8391.298903311212;5807.09120081547
489;8961.348900060819;;;;;8432.270267844455;5910.848608341385
490;9017.456969075007;;;;;8226.883024149234;6100.339782432562
491;8821.228433640159;;;;;8500.987120931333;5830.667065459689
492;8910.339642543306;;;;;8280.623087411534;6043.8857250991805
493;8730.684799448401;;;;;8476.165144819011;5724.307609951358
494;9095.648322370404;;;;;8386.356901246105;6073.175830889129
495;8775.37835939649;;;;;8241.778835744602;6227.928954658072
496;8783.562220212672;;;;;8038.829035746137;6048.2573461189895
497;8825.214191132114;;;;;8245.367116859119;6014.843739950855
498;8758.852125011352;;;;;8286.230141998454;6198.286822896241
499;8772.85253538089;;;;;8181.6774504733285;6063.036382613464
