"epoch","num_critics: 20 - _step","num_critics: 20 - _step__MIN","num_critics: 20 - _step__MAX","num_critics: 20 - eval/reward_mean","num_critics: 20 - eval/reward_mean__MIN","num_critics: 20 - eval/reward_mean__MAX","num_critics: 10 - _step","num_critics: 10 - _step__MIN","num_critics: 10 - _step__MAX","num_critics: 10 - eval/reward_mean","num_critics: 10 - eval/reward_mean__MIN","num_critics: 10 - eval/reward_mean__MAX"
"0","0","0","0","-633.4514170944283","-633.4514170944283","-633.4514170944283","0","0","0","-616.8050504752903","-616.8050504752903","-616.8050504752903"
"1","1","1","1","-552.8778592525914","-552.8778592525914","-552.8778592525914","1","1","1","-597.7637975880099","-597.7637975880099","-597.7637975880099"
"2","2","2","2","-563.9214105111631","-563.9214105111631","-563.9214105111631","2","2","2","-586.4550769424147","-586.4550769424147","-586.4550769424147"
"3","3","3","3","-523.9114829910644","-523.9114829910644","-523.9114829910644","3","3","3","-420.5823307853246","-420.5823307853246","-420.5823307853246"
"4","4","4","4","-552.5388906540695","-552.5388906540695","-552.5388906540695","4","4","4","-757.4844394734837","-757.4844394734837","-757.4844394734837"
"5","5","5","5","-543.8023422809171","-543.8023422809171","-543.8023422809171","5","5","5","-882.8223480060608","-882.8223480060608","-882.8223480060608"
"6","6","6","6","-680.0205934617475","-680.0205934617475","-680.0205934617475","6","6","6","-540.2938670135414","-540.2938670135414","-540.2938670135414"
"7","7","7","7","-636.8436566442804","-636.8436566442804","-636.8436566442804","7","7","7","-618.0876135585205","-618.0876135585205","-618.0876135585205"
"8","8","8","8","-598.6573355161253","-598.6573355161253","-598.6573355161253","8","8","8","-840.8707383837952","-840.8707383837952","-840.8707383837952"
"9","9","9","9","-618.8525645845649","-618.8525645845649","-618.8525645845649","9","9","9","-641.9817476971335","-641.9817476971335","-641.9817476971335"
"10","10","10","10","-664.7061851434394","-664.7061851434394","-664.7061851434394","10","10","10","-957.8777687778468","-957.8777687778468","-957.8777687778468"
"11","11","11","11","-503.5543968088967","-503.5543968088967","-503.5543968088967","11","11","11","-592.1394851959014","-592.1394851959014","-592.1394851959014"
"12","12","12","12","-755.5789448533767","-755.5789448533767","-755.5789448533767","12","12","12","-517.9905503976349","-517.9905503976349","-517.9905503976349"
"13","13","13","13","-772.4794994431659","-772.4794994431659","-772.4794994431659","13","13","13","-774.3188695567075","-774.3188695567075","-774.3188695567075"
"14","14","14","14","-719.7303834739203","-719.7303834739203","-719.7303834739203","14","14","14","-594.1191126029614","-594.1191126029614","-594.1191126029614"
"15","15","15","15","-607.6446535085372","-607.6446535085372","-607.6446535085372","15","15","15","-736.2890159993806","-736.2890159993806","-736.2890159993806"
"16","16","16","16","-519.7420912135068","-519.7420912135068","-519.7420912135068","16","16","16","-889.3448577583886","-889.3448577583886","-889.3448577583886"
"17","17","17","17","-670.2497904120572","-670.2497904120572","-670.2497904120572","17","17","17","-835.7213515525915","-835.7213515525915","-835.7213515525915"
"18","18","18","18","-806.088641938798","-806.088641938798","-806.088641938798","18","18","18","-1005.2235463639997","-1005.2235463639997","-1005.2235463639997"
"19","19","19","19","-787.6974184146527","-787.6974184146527","-787.6974184146527","19","19","19","-835.5668295734697","-835.5668295734697","-835.5668295734697"
"20","20","20","20","-753.9297804066064","-753.9297804066064","-753.9297804066064","20","20","20","-995.7100136151499","-995.7100136151499","-995.7100136151499"
"21","21","21","21","-677.2444882755474","-677.2444882755474","-677.2444882755474","21","21","21","-839.1017909571717","-839.1017909571717","-839.1017909571717"
"22","22","22","22","-721.6001129422295","-721.6001129422295","-721.6001129422295","22","22","22","-700.3833967020602","-700.3833967020602","-700.3833967020602"
"23","23","23","23","-682.2824994200025","-682.2824994200025","-682.2824994200025","23","23","23","-679.8241245149156","-679.8241245149156","-679.8241245149156"
"24","24","24","24","-752.1378947931596","-752.1378947931596","-752.1378947931596","24","24","24","-586.4929103969018","-586.4929103969018","-586.4929103969018"
"25","25","25","25","-701.2899972440732","-701.2899972440732","-701.2899972440732","25","25","25","-672.34380553238","-672.34380553238","-672.34380553238"
"26","26","26","26","-664.2543323581178","-664.2543323581178","-664.2543323581178","26","26","26","-616.6899591265303","-616.6899591265303","-616.6899591265303"
"27","27","27","27","-678.3828330187223","-678.3828330187223","-678.3828330187223","27","27","27","-627.568123299465","-627.568123299465","-627.568123299465"
"28","28","28","28","-570.6084956694715","-570.6084956694715","-570.6084956694715","28","28","28","-697.4800258117482","-697.4800258117482","-697.4800258117482"
"29","29","29","29","-631.0494826755339","-631.0494826755339","-631.0494826755339","29","29","29","-696.41141530227","-696.41141530227","-696.41141530227"
"30","30","30","30","-587.7528572815474","-587.7528572815474","-587.7528572815474","30","30","30","-716.4267813380764","-716.4267813380764","-716.4267813380764"
"31","31","31","31","-565.3390910709908","-565.3390910709908","-565.3390910709908","31","31","31","-715.0620112883331","-715.0620112883331","-715.0620112883331"
"32","32","32","32","-612.6199136209498","-612.6199136209498","-612.6199136209498","32","32","32","-766.2889550534716","-766.2889550534716","-766.2889550534716"
"33","33","33","33","-616.3278666281865","-616.3278666281865","-616.3278666281865","33","33","33","-763.3416940961012","-763.3416940961012","-763.3416940961012"
"34","34","34","34","-722.670160823571","-722.670160823571","-722.670160823571","34","34","34","-600.5442706824931","-600.5442706824931","-600.5442706824931"
"35","35","35","35","-602.5513014716671","-602.5513014716671","-602.5513014716671","35","35","35","-743.1880898712541","-743.1880898712541","-743.1880898712541"
"36","36","36","36","-510.77641564748546","-510.77641564748546","-510.77641564748546","36","36","36","-749.5814448787394","-749.5814448787394","-749.5814448787394"
"37","37","37","37","-607.7143841701527","-607.7143841701527","-607.7143841701527","37","37","37","-684.6237595451472","-684.6237595451472","-684.6237595451472"
"38","38","38","38","-484.634980780175","-484.634980780175","-484.634980780175","38","38","38","-638.2968175178299","-638.2968175178299","-638.2968175178299"
"39","39","39","39","-618.8038490879015","-618.8038490879015","-618.8038490879015","39","39","39","-671.8278659585214","-671.8278659585214","-671.8278659585214"
"40","40","40","40","-816.5359398523393","-816.5359398523393","-816.5359398523393","40","40","40","-570.2551642648244","-570.2551642648244","-570.2551642648244"
"41","41","41","41","-620.8524047011038","-620.8524047011038","-620.8524047011038","41","41","41","-421.7675331984042","-421.7675331984042","-421.7675331984042"
"42","42","42","42","-706.4973677606438","-706.4973677606438","-706.4973677606438","42","42","42","-557.5016860915762","-557.5016860915762","-557.5016860915762"
"43","43","43","43","-686.4848716864052","-686.4848716864052","-686.4848716864052","43","43","43","-578.1393426811363","-578.1393426811363","-578.1393426811363"
"44","44","44","44","-642.7072395743437","-642.7072395743437","-642.7072395743437","44","44","44","-622.0017386477517","-622.0017386477517","-622.0017386477517"
"45","45","45","45","-499.3434320427779","-499.3434320427779","-499.3434320427779","45","45","45","-564.1200306098386","-564.1200306098386","-564.1200306098386"
"46","46","46","46","-543.5012309060568","-543.5012309060568","-543.5012309060568","46","46","46","-530.0709926801985","-530.0709926801985","-530.0709926801985"
"47","47","47","47","-477.82504968171736","-477.82504968171736","-477.82504968171736","47","47","47","-754.0990646816333","-754.0990646816333","-754.0990646816333"
"48","48","48","48","-472.4098506340065","-472.4098506340065","-472.4098506340065","48","48","48","-767.725479158022","-767.725479158022","-767.725479158022"
"49","49","49","49","-544.9936785261564","-544.9936785261564","-544.9936785261564","49","49","49","-816.4996544331733","-816.4996544331733","-816.4996544331733"
"50","50","50","50","-539.5460903602091","-539.5460903602091","-539.5460903602091","50","50","50","-729.4455210750109","-729.4455210750109","-729.4455210750109"
"51","51","51","51","-376.62675517020836","-376.62675517020836","-376.62675517020836","51","51","51","-645.6346800432848","-645.6346800432848","-645.6346800432848"
"52","52","52","52","-527.7133428425293","-527.7133428425293","-527.7133428425293","52","52","52","-552.1455988074164","-552.1455988074164","-552.1455988074164"
"53","53","53","53","-478.98500259579185","-478.98500259579185","-478.98500259579185","53","53","53","-559.5319797626432","-559.5319797626432","-559.5319797626432"
"54","54","54","54","-541.3209165052805","-541.3209165052805","-541.3209165052805","54","54","54","-588.8848869285183","-588.8848869285183","-588.8848869285183"
"55","55","55","55","-520.4462949232977","-520.4462949232977","-520.4462949232977","55","55","55","-574.8391799797799","-574.8391799797799","-574.8391799797799"
"56","56","56","56","-492.24986355896897","-492.24986355896897","-492.24986355896897","56","56","56","-602.2654450447714","-602.2654450447714","-602.2654450447714"
"57","57","57","57","-547.5697731962262","-547.5697731962262","-547.5697731962262","57","57","57","-534.2624611291587","-534.2624611291587","-534.2624611291587"
"58","58","58","58","-508.91055439469784","-508.91055439469784","-508.91055439469784","58","58","58","-587.0511396582169","-587.0511396582169","-587.0511396582169"
"59","59","59","59","-498.5065683829627","-498.5065683829627","-498.5065683829627","59","59","59","-576.100461760376","-576.100461760376","-576.100461760376"
"60","60","60","60","-384.5609978892624","-384.5609978892624","-384.5609978892624","60","60","60","-591.850506530267","-591.850506530267","-591.850506530267"
"61","61","61","61","-468.8320789000193","-468.8320789000193","-468.8320789000193","61","61","61","-514.6508076870211","-514.6508076870211","-514.6508076870211"
"62","62","62","62","-533.2487733934857","-533.2487733934857","-533.2487733934857","62","62","62","-588.5523834880701","-588.5523834880701","-588.5523834880701"
"63","63","63","63","-500.21767819933285","-500.21767819933285","-500.21767819933285","63","63","63","-550.4557196238353","-550.4557196238353","-550.4557196238353"
"64","64","64","64","-561.0030803766537","-561.0030803766537","-561.0030803766537","64","64","64","-588.1182991275866","-588.1182991275866","-588.1182991275866"
"65","65","65","65","-573.042709686456","-573.042709686456","-573.042709686456","65","65","65","-566.6278330952473","-566.6278330952473","-566.6278330952473"
"66","66","66","66","-512.0561197670345","-512.0561197670345","-512.0561197670345","66","66","66","-526.6761644184977","-526.6761644184977","-526.6761644184977"
"67","67","67","67","-574.8410612706529","-574.8410612706529","-574.8410612706529","67","67","67","-448.3521274097769","-448.3521274097769","-448.3521274097769"
"68","68","68","68","-496.17661156288557","-496.17661156288557","-496.17661156288557","68","68","68","-417.18679667712365","-417.18679667712365","-417.18679667712365"
"69","69","69","69","-515.0060938062841","-515.0060938062841","-515.0060938062841","69","69","69","-394.3364780117025","-394.3364780117025","-394.3364780117025"
"70","70","70","70","-470.2943168919072","-470.2943168919072","-470.2943168919072","70","70","70","-490.1447104971124","-490.1447104971124","-490.1447104971124"
"71","71","71","71","-574.4806506564123","-574.4806506564123","-574.4806506564123","71","71","71","-367.94810018699866","-367.94810018699866","-367.94810018699866"
"72","72","72","72","-566.300904834902","-566.300904834902","-566.300904834902","72","72","72","-461.84092592931376","-461.84092592931376","-461.84092592931376"
"73","73","73","73","-493.21171118614456","-493.21171118614456","-493.21171118614456","73","73","73","-516.5813671624502","-516.5813671624502","-516.5813671624502"
"74","74","74","74","-552.4589974445676","-552.4589974445676","-552.4589974445676","74","74","74","-735.401243874876","-735.401243874876","-735.401243874876"
"75","75","75","75","-563.1072545672416","-563.1072545672416","-563.1072545672416","75","75","75","-601.8572541277905","-601.8572541277905","-601.8572541277905"
"76","76","76","76","-581.7557795458558","-581.7557795458558","-581.7557795458558","76","76","76","-585.7051684269079","-585.7051684269079","-585.7051684269079"
"77","77","77","77","-511.9237140876595","-511.9237140876595","-511.9237140876595","77","77","77","-611.6078999241445","-611.6078999241445","-611.6078999241445"
"78","78","78","78","-516.698767622538","-516.698767622538","-516.698767622538","78","78","78","-603.012812362176","-603.012812362176","-603.012812362176"
"79","79","79","79","-536.322852460439","-536.322852460439","-536.322852460439","79","79","79","-605.8748184748567","-605.8748184748567","-605.8748184748567"
"80","80","80","80","-490.1894964099599","-490.1894964099599","-490.1894964099599","80","80","80","-656.2887263040042","-656.2887263040042","-656.2887263040042"
"81","81","81","81","-489.33660888242065","-489.33660888242065","-489.33660888242065","81","81","81","-695.7710100541988","-695.7710100541988","-695.7710100541988"
"82","82","82","82","-444.27301697183685","-444.27301697183685","-444.27301697183685","82","82","82","-625.9737841458284","-625.9737841458284","-625.9737841458284"
"83","83","83","83","-521.9397436298383","-521.9397436298383","-521.9397436298383","83","83","83","-680.1480099570668","-680.1480099570668","-680.1480099570668"
"84","84","84","84","-473.6779397699117","-473.6779397699117","-473.6779397699117","84","84","84","-516.750183086988","-516.750183086988","-516.750183086988"
"85","85","85","85","-449.01196030055826","-449.01196030055826","-449.01196030055826","85","85","85","-747.656332456174","-747.656332456174","-747.656332456174"
"86","86","86","86","-360.40737547642186","-360.40737547642186","-360.40737547642186","86","86","86","-618.2445063242903","-618.2445063242903","-618.2445063242903"
"87","87","87","87","-467.78375726281337","-467.78375726281337","-467.78375726281337","87","87","87","-313.5635950642248","-313.5635950642248","-313.5635950642248"
"88","88","88","88","-477.61388043440894","-477.61388043440894","-477.61388043440894","88","88","88","-413.53874769950835","-413.53874769950835","-413.53874769950835"
"89","89","89","89","-498.08286414354825","-498.08286414354825","-498.08286414354825","89","89","89","-447.6255847443846","-447.6255847443846","-447.6255847443846"
"90","90","90","90","-485.53802289059274","-485.53802289059274","-485.53802289059274","90","90","90","-510.278357450671","-510.278357450671","-510.278357450671"
"91","91","91","91","-470.2477852239693","-470.2477852239693","-470.2477852239693","91","91","91","-183.34127856073042","-183.34127856073042","-183.34127856073042"
"92","92","92","92","-441.38626490636153","-441.38626490636153","-441.38626490636153","92","92","92","-284.2286978941075","-284.2286978941075","-284.2286978941075"
"93","93","93","93","-526.887727212692","-526.887727212692","-526.887727212692","93","93","93","553.6993297299168","553.6993297299168","553.6993297299168"
"94","94","94","94","-463.13128053195805","-463.13128053195805","-463.13128053195805","94","94","94","833.5921702202337","833.5921702202337","833.5921702202337"
"95","95","95","95","-478.0576127012402","-478.0576127012402","-478.0576127012402","95","95","95","745.358554938399","745.358554938399","745.358554938399"
"96","96","96","96","-451.8735196619379","-451.8735196619379","-451.8735196619379","96","96","96","199.35484023222503","199.35484023222503","199.35484023222503"
"97","97","97","97","-338.03217257384085","-338.03217257384085","-338.03217257384085","97","97","97","1466.4534421280325","1466.4534421280325","1466.4534421280325"
"98","98","98","98","-465.6871059877605","-465.6871059877605","-465.6871059877605","98","98","98","539.4948816897935","539.4948816897935","539.4948816897935"
"99","99","99","99","-437.615226964129","-437.615226964129","-437.615226964129","99","99","99","1222.2843584240727","1222.2843584240727","1222.2843584240727"
"100","100","100","100","-197.8915445235576","-197.8915445235576","-197.8915445235576","100","100","100","2202.8540203194234","2202.8540203194234","2202.8540203194234"
"101","101","101","101","-389.5216507852284","-389.5216507852284","-389.5216507852284","101","101","101","1924.1001511445588","1924.1001511445588","1924.1001511445588"
"102","102","102","102","-137.9648922265355","-137.9648922265355","-137.9648922265355","102","102","102","2695.2333264396757","2695.2333264396757","2695.2333264396757"
"103","103","103","103","-288.36958983961114","-288.36958983961114","-288.36958983961114","103","103","103","3222.508428366596","3222.508428366596","3222.508428366596"
"104","104","104","104","-115.2972941573059","-115.2972941573059","-115.2972941573059","104","104","104","2292.738843502011","2292.738843502011","2292.738843502011"
"105","105","105","105","-198.2380465411064","-198.2380465411064","-198.2380465411064","105","105","105","2990.2243596173616","2990.2243596173616","2990.2243596173616"
"106","106","106","106","-102.57199543561005","-102.57199543561005","-102.57199543561005","106","106","106","2290.6124878330143","2290.6124878330143","2290.6124878330143"
"107","107","107","107","79.30098437992119","79.30098437992119","79.30098437992119","107","107","107","3211.427830800779","3211.427830800779","3211.427830800779"
"108","108","108","108","166.27342343894543","166.27342343894543","166.27342343894543","108","108","108","2661.4037212564363","2661.4037212564363","2661.4037212564363"
"109","109","109","109","268.158230080333","268.158230080333","268.158230080333","109","109","109","2866.62473734941","2866.62473734941","2866.62473734941"
"110","110","110","110","26.246858187075976","26.246858187075976","26.246858187075976","110","110","110","3049.0305828841583","3049.0305828841583","3049.0305828841583"
"111","111","111","111","-22.28200751375187","-22.28200751375187","-22.28200751375187","111","111","111","1992.776292978897","1992.776292978897","1992.776292978897"
"112","112","112","112","136.14401728397507","136.14401728397507","136.14401728397507","112","112","112","3140.860781306402","3140.860781306402","3140.860781306402"
"113","113","113","113","541.8119357035852","541.8119357035852","541.8119357035852","113","113","113","2821.8441143051173","2821.8441143051173","2821.8441143051173"
"114","114","114","114","589.0369867539483","589.0369867539483","589.0369867539483","114","114","114","3491.6158069869293","3491.6158069869293","3491.6158069869293"
"115","115","115","115","948.0457642094636","948.0457642094636","948.0457642094636","115","115","115","3196.75083337267","3196.75083337267","3196.75083337267"
"116","116","116","116","1137.900885231888","1137.900885231888","1137.900885231888","116","116","116","3109.036845505552","3109.036845505552","3109.036845505552"
"117","117","117","117","1111.5779473638463","1111.5779473638463","1111.5779473638463","117","117","117","3322.799983585529","3322.799983585529","3322.799983585529"
"118","118","118","118","1787.8836974396552","1787.8836974396552","1787.8836974396552","118","118","118","2557.27176518989","2557.27176518989","2557.27176518989"
"119","119","119","119","382.3348054678164","382.3348054678164","382.3348054678164","119","119","119","3187.067218316818","3187.067218316818","3187.067218316818"
"120","120","120","120","588.4971095584712","588.4971095584712","588.4971095584712","120","120","120","2983.482726972435","2983.482726972435","2983.482726972435"
"121","121","121","121","564.9069013807518","564.9069013807518","564.9069013807518","121","121","121","3025.085919170776","3025.085919170776","3025.085919170776"
"122","122","122","122","2390.8555169137553","2390.8555169137553","2390.8555169137553","122","122","122","3289.55618096576","3289.55618096576","3289.55618096576"
"123","123","123","123","4011.341395149209","4011.341395149209","4011.341395149209","123","123","123","2680.545738364792","2680.545738364792","2680.545738364792"
"124","124","124","124","1803.3987239807884","1803.3987239807884","1803.3987239807884","124","124","124","3186.3320951270425","3186.3320951270425","3186.3320951270425"
"125","125","125","125","2872.103251654231","2872.103251654231","2872.103251654231","125","125","125","3023.1442208318877","3023.1442208318877","3023.1442208318877"
"126","126","126","126","3860.1976239139526","3860.1976239139526","3860.1976239139526","126","126","126","2760.2366644396443","2760.2366644396443","2760.2366644396443"
"127","127","127","127","3257.437469440845","3257.437469440845","3257.437469440845","127","127","127","3045.932341022778","3045.932341022778","3045.932341022778"
"128","128","128","128","4524.966036312208","4524.966036312208","4524.966036312208","128","128","128","2958.687918196465","2958.687918196465","2958.687918196465"
"129","129","129","129","3848.7099526127363","3848.7099526127363","3848.7099526127363","129","129","129","2920.7192222891877","2920.7192222891877","2920.7192222891877"
"130","130","130","130","2062.534530442134","2062.534530442134","2062.534530442134","130","130","130","3183.938694474041","3183.938694474041","3183.938694474041"
"131","131","131","131","325.4495966385217","325.4495966385217","325.4495966385217","131","131","131","2958.6857127234775","2958.6857127234775","2958.6857127234775"
"132","132","132","132","1958.173101006767","1958.173101006767","1958.173101006767","132","132","132","3235.922622143353","3235.922622143353","3235.922622143353"
"133","133","133","133","1161.7244525901983","1161.7244525901983","1161.7244525901983","133","133","133","3325.9179114566577","3325.9179114566577","3325.9179114566577"
"134","134","134","134","-40.40461820243978","-40.40461820243978","-40.40461820243978","134","134","134","3220.1448746654332","3220.1448746654332","3220.1448746654332"
"135","135","135","135","216.75844888619176","216.75844888619176","216.75844888619176","135","135","135","3734.2514007858235","3734.2514007858235","3734.2514007858235"
"136","136","136","136","890.3906676644694","890.3906676644694","890.3906676644694","136","136","136","3260.825867365485","3260.825867365485","3260.825867365485"
"137","137","137","137","545.8840362471676","545.8840362471676","545.8840362471676","137","137","137","3188.0449127530833","3188.0449127530833","3188.0449127530833"
"138","138","138","138","304.5003470879564","304.5003470879564","304.5003470879564","138","138","138","3312.101857369385","3312.101857369385","3312.101857369385"
"139","139","139","139","1009.7355326830582","1009.7355326830582","1009.7355326830582","139","139","139","3533.411702350009","3533.411702350009","3533.411702350009"
"140","140","140","140","527.9367019744935","527.9367019744935","527.9367019744935","140","140","140","3328.8626933748883","3328.8626933748883","3328.8626933748883"
"141","141","141","141","295.2299720911601","295.2299720911601","295.2299720911601","141","141","141","3195.8384834803105","3195.8384834803105","3195.8384834803105"
"142","142","142","142","1749.6449576554332","1749.6449576554332","1749.6449576554332","142","142","142","2528.0381738917977","2528.0381738917977","2528.0381738917977"
"143","143","143","143","741.485235909728","741.485235909728","741.485235909728","143","143","143","3619.516429044509","3619.516429044509","3619.516429044509"
"144","144","144","144","67.65551130061476","67.65551130061476","67.65551130061476","144","144","144","3436.216866882388","3436.216866882388","3436.216866882388"
"145","145","145","145","958.6694416304017","958.6694416304017","958.6694416304017","145","145","145","2650.7479938323268","2650.7479938323268","2650.7479938323268"
"146","146","146","146","1148.627156201875","1148.627156201875","1148.627156201875","146","146","146","3588.177627939274","3588.177627939274","3588.177627939274"
"147","147","147","147","351.32217699465485","351.32217699465485","351.32217699465485","147","147","147","3837.5617451303638","3837.5617451303638","3837.5617451303638"
"148","148","148","148","2525.4625783408833","2525.4625783408833","2525.4625783408833","148","148","148","3808.604017454299","3808.604017454299","3808.604017454299"
"149","149","149","149","2416.8748872584647","2416.8748872584647","2416.8748872584647","149","149","149","3807.0624417918893","3807.0624417918893","3807.0624417918893"
"150","150","150","150","814.3868609984956","814.3868609984956","814.3868609984956","150","150","150","3630.603675204767","3630.603675204767","3630.603675204767"
"151","151","151","151","2821.717148685998","2821.717148685998","2821.717148685998","151","151","151","3745.0669485839912","3745.0669485839912","3745.0669485839912"
"152","152","152","152","937.5968687543466","937.5968687543466","937.5968687543466","152","152","152","3699.5637745833214","3699.5637745833214","3699.5637745833214"
"153","153","153","153","3013.27032967554","3013.27032967554","3013.27032967554","153","153","153","3458.097696345376","3458.097696345376","3458.097696345376"
"154","154","154","154","2028.420663911817","2028.420663911817","2028.420663911817","154","154","154","3808.726495191967","3808.726495191967","3808.726495191967"
"155","155","155","155","2728.6883266653867","2728.6883266653867","2728.6883266653867","155","155","155","3829.4733551988343","3829.4733551988343","3829.4733551988343"
"156","156","156","156","1931.3229991556302","1931.3229991556302","1931.3229991556302","156","156","156","3838.9134958899754","3838.9134958899754","3838.9134958899754"
"157","157","157","157","2394.7441350863523","2394.7441350863523","2394.7441350863523","157","157","157","4155.574888887856","4155.574888887856","4155.574888887856"
"158","158","158","158","4107.062489395151","4107.062489395151","4107.062489395151","158","158","158","4011.769533622182","4011.769533622182","4011.769533622182"
"159","159","159","159","3807.487450522372","3807.487450522372","3807.487450522372","159","159","159","4085.1496463659264","4085.1496463659264","4085.1496463659264"
"160","160","160","160","2840.509478046847","2840.509478046847","2840.509478046847","160","160","160","3791.0885170639426","3791.0885170639426","3791.0885170639426"
"161","161","161","161","4150.710608181897","4150.710608181897","4150.710608181897","161","161","161","3836.549224475203","3836.549224475203","3836.549224475203"
"162","162","162","162","4192.344710633525","4192.344710633525","4192.344710633525","162","162","162","4015.4380906503197","4015.4380906503197","4015.4380906503197"
"163","163","163","163","3122.0046032814707","3122.0046032814707","3122.0046032814707","163","163","163","3866.098801899495","3866.098801899495","3866.098801899495"
"164","164","164","164","3719.5667993114744","3719.5667993114744","3719.5667993114744","164","164","164","3868.843360860118","3868.843360860118","3868.843360860118"
"165","165","165","165","3223.5506003640994","3223.5506003640994","3223.5506003640994","165","165","165","4250.703533662485","4250.703533662485","4250.703533662485"
"166","166","166","166","2401.3257380830814","2401.3257380830814","2401.3257380830814","166","166","166","4150.394187746048","4150.394187746048","4150.394187746048"
"167","167","167","167","4504.389563068706","4504.389563068706","4504.389563068706","167","167","167","4127.494841455259","4127.494841455259","4127.494841455259"
"168","168","168","168","3577.655893369859","3577.655893369859","3577.655893369859","168","168","168","3915.925801136269","3915.925801136269","3915.925801136269"
"169","169","169","169","5338.373835873398","5338.373835873398","5338.373835873398","169","169","169","4168.448086531599","4168.448086531599","4168.448086531599"
"170","170","170","170","4142.250905084429","4142.250905084429","4142.250905084429","170","170","170","3983.6544482857607","3983.6544482857607","3983.6544482857607"
"171","171","171","171","5441.24424440797","5441.24424440797","5441.24424440797","171","171","171","4071.8182481735093","4071.8182481735093","4071.8182481735093"
"172","172","172","172","4189.868466765183","4189.868466765183","4189.868466765183","172","172","172","4093.5130012570125","4093.5130012570125","4093.5130012570125"
"173","173","173","173","4642.148225497368","4642.148225497368","4642.148225497368","173","173","173","4224.829713660988","4224.829713660988","4224.829713660988"
"174","174","174","174","6682.991275745293","6682.991275745293","6682.991275745293","174","174","174","3926.4351927320495","3926.4351927320495","3926.4351927320495"
"175","175","175","175","4914.612777501656","4914.612777501656","4914.612777501656","175","175","175","4215.566242551026","4215.566242551026","4215.566242551026"
"176","176","176","176","5539.851838376833","5539.851838376833","5539.851838376833","176","176","176","3878.516012983842","3878.516012983842","3878.516012983842"
"177","177","177","177","4441.550106578894","4441.550106578894","4441.550106578894","177","177","177","4154.84631059066","4154.84631059066","4154.84631059066"
"178","178","178","178","5561.187000694949","5561.187000694949","5561.187000694949","178","178","178","4139.910267010613","4139.910267010613","4139.910267010613"
"179","179","179","179","4172.879586137358","4172.879586137358","4172.879586137358","179","179","179","4277.661127103453","4277.661127103453","4277.661127103453"
"180","180","180","180","5804.138421729098","5804.138421729098","5804.138421729098","180","180","180","4110.804343726355","4110.804343726355","4110.804343726355"
"181","181","181","181","5628.005598202338","5628.005598202338","5628.005598202338","181","181","181","4377.272978764283","4377.272978764283","4377.272978764283"
"182","182","182","182","6213.654194345418","6213.654194345418","6213.654194345418","182","182","182","4266.085022503458","4266.085022503458","4266.085022503458"
"183","183","183","183","5940.580560692394","5940.580560692394","5940.580560692394","183","183","183","4142.348089316723","4142.348089316723","4142.348089316723"
"184","184","184","184","6573.630982237444","6573.630982237444","6573.630982237444","184","184","184","4318.57683115419","4318.57683115419","4318.57683115419"
"185","185","185","185","6220.360223348187","6220.360223348187","6220.360223348187","185","185","185","4421.04198494494","4421.04198494494","4421.04198494494"
"186","186","186","186","6711.078054234904","6711.078054234904","6711.078054234904","186","186","186","4380.138430302443","4380.138430302443","4380.138430302443"
"187","187","187","187","6934.53828778457","6934.53828778457","6934.53828778457","187","187","187","4372.031917636121","4372.031917636121","4372.031917636121"
"188","188","188","188","7031.162060245368","7031.162060245368","7031.162060245368","188","188","188","4375.284385956858","4375.284385956858","4375.284385956858"
"189","189","189","189","6376.757444099154","6376.757444099154","6376.757444099154","189","189","189","4338.2039469584515","4338.2039469584515","4338.2039469584515"
"190","190","190","190","7178.566732958701","7178.566732958701","7178.566732958701","190","190","190","4556.967864820222","4556.967864820222","4556.967864820222"
"191","191","191","191","7148.637175734648","7148.637175734648","7148.637175734648","191","191","191","4312.841789987328","4312.841789987328","4312.841789987328"
"192","192","192","192","3810.3773960868057","3810.3773960868057","3810.3773960868057","192","192","192","4457.183907100885","4457.183907100885","4457.183907100885"
"193","193","193","193","7299.658402503713","7299.658402503713","7299.658402503713","193","193","193","4402.18660923085","4402.18660923085","4402.18660923085"
"194","194","194","194","5747.605654794618","5747.605654794618","5747.605654794618","194","194","194","4270.345391232871","4270.345391232871","4270.345391232871"
"195","195","195","195","7222.03131478825","7222.03131478825","7222.03131478825","195","195","195","4419.008893346627","4419.008893346627","4419.008893346627"
"196","196","196","196","7154.9429184663195","7154.9429184663195","7154.9429184663195","196","196","196","4478.603543685737","4478.603543685737","4478.603543685737"
"197","197","197","197","4792.744196452444","4792.744196452444","4792.744196452444","197","197","197","4351.98764051507","4351.98764051507","4351.98764051507"
"198","198","198","198","6764.247541406459","6764.247541406459","6764.247541406459","198","198","198","4385.908797755724","4385.908797755724","4385.908797755724"
"199","199","199","199","7357.303301248527","7357.303301248527","7357.303301248527","199","199","199","4435.247693979169","4435.247693979169","4435.247693979169"
"200","200","200","200","6776.731532201695","6776.731532201695","6776.731532201695","200","200","200","4602.6239407766325","4602.6239407766325","4602.6239407766325"
"201","201","201","201","6035.548464047432","6035.548464047432","6035.548464047432","201","201","201","4580.737251712662","4580.737251712662","4580.737251712662"
"202","202","202","202","6571.335152242935","6571.335152242935","6571.335152242935","202","202","202","4516.358773686025","4516.358773686025","4516.358773686025"
"203","203","203","203","7348.354905912053","7348.354905912053","7348.354905912053","203","203","203","4625.978578566842","4625.978578566842","4625.978578566842"
"204","204","204","204","6476.04469745805","6476.04469745805","6476.04469745805","204","204","204","4856.693972689147","4856.693972689147","4856.693972689147"
"205","205","205","205","7512.622799884184","7512.622799884184","7512.622799884184","205","205","205","4631.099523709076","4631.099523709076","4631.099523709076"
"206","206","206","206","7395.053023398852","7395.053023398852","7395.053023398852","206","206","206","4456.741205992949","4456.741205992949","4456.741205992949"
"207","207","207","207","7257.935873682445","7257.935873682445","7257.935873682445","207","207","207","4561.261115295638","4561.261115295638","4561.261115295638"
"208","208","208","208","7481.975367088159","7481.975367088159","7481.975367088159","208","208","208","4435.384122358759","4435.384122358759","4435.384122358759"
"209","209","209","209","7550.361188828242","7550.361188828242","7550.361188828242","209","209","209","4715.563788837255","4715.563788837255","4715.563788837255"
"210","210","210","210","6711.584945873753","6711.584945873753","6711.584945873753","210","210","210","4653.52128437498","4653.52128437498","4653.52128437498"
"211","211","211","211","7586.001665216718","7586.001665216718","7586.001665216718","211","211","211","4728.061228866227","4728.061228866227","4728.061228866227"
"212","212","212","212","7310.049778369741","7310.049778369741","7310.049778369741","212","212","212","4753.359933202396","4753.359933202396","4753.359933202396"
"213","213","213","213","7530.439115338835","7530.439115338835","7530.439115338835","213","213","213","4813.173358495462","4813.173358495462","4813.173358495462"
"214","214","214","214","6560.377948730997","6560.377948730997","6560.377948730997","214","214","214","4604.086381902541","4604.086381902541","4604.086381902541"
"215","215","215","215","7579.151594530784","7579.151594530784","7579.151594530784","215","215","215","4829.4326393140245","4829.4326393140245","4829.4326393140245"
"216","216","216","216","7555.5481288940355","7555.5481288940355","7555.5481288940355","216","216","216","4742.719327593017","4742.719327593017","4742.719327593017"
"217","217","217","217","7388.373587987126","7388.373587987126","7388.373587987126","217","217","217","4769.080406650848","4769.080406650848","4769.080406650848"
"218","218","218","218","7092.575242137211","7092.575242137211","7092.575242137211","218","218","218","4747.244648485057","4747.244648485057","4747.244648485057"
"219","219","219","219","6523.837157450266","6523.837157450266","6523.837157450266","219","219","219","4683.062381151127","4683.062381151127","4683.062381151127"
"220","220","220","220","7159.476623138036","7159.476623138036","7159.476623138036","220","220","220","4852.81667116668","4852.81667116668","4852.81667116668"
"221","221","221","221","6266.973010571861","6266.973010571861","6266.973010571861","221","221","221","4503.900556133723","4503.900556133723","4503.900556133723"
"222","222","222","222","6997.762836937807","6997.762836937807","6997.762836937807","222","222","222","4684.564185322919","4684.564185322919","4684.564185322919"
"223","223","223","223","7372.765941950774","7372.765941950774","7372.765941950774","223","223","223","4542.953661372152","4542.953661372152","4542.953661372152"
"224","224","224","224","7636.951410110397","7636.951410110397","7636.951410110397","224","224","224","4692.235469957777","4692.235469957777","4692.235469957777"
"225","225","225","225","7281.09020507409","7281.09020507409","7281.09020507409","225","225","225","4826.956934608797","4826.956934608797","4826.956934608797"
"226","226","226","226","7742.624823035975","7742.624823035975","7742.624823035975","226","226","226","4807.487213146957","4807.487213146957","4807.487213146957"
"227","227","227","227","7314.485527179703","7314.485527179703","7314.485527179703","227","227","227","5064.424731202803","5064.424731202803","5064.424731202803"
"228","228","228","228","7617.72324019481","7617.72324019481","7617.72324019481","228","228","228","4963.880839682254","4963.880839682254","4963.880839682254"
"229","229","229","229","7590.957100817436","7590.957100817436","7590.957100817436","229","229","229","4671.479202534075","4671.479202534075","4671.479202534075"
"230","230","230","230","7583.764820074514","7583.764820074514","7583.764820074514","230","230","230","5137.148851048956","5137.148851048956","5137.148851048956"
"231","231","231","231","6593.7931290219185","6593.7931290219185","6593.7931290219185","231","231","231","5019.5601700081515","5019.5601700081515","5019.5601700081515"
"232","232","232","232","7656.987804667379","7656.987804667379","7656.987804667379","232","232","232","4952.787172113152","4952.787172113152","4952.787172113152"
"233","233","233","233","7444.221588906774","7444.221588906774","7444.221588906774","233","233","233","4824.639764083862","4824.639764083862","4824.639764083862"
"234","234","234","234","6181.973499174955","6181.973499174955","6181.973499174955","234","234","234","4774.137621603094","4774.137621603094","4774.137621603094"
"235","235","235","235","7687.527948228778","7687.527948228778","7687.527948228778","235","235","235","4854.831937398461","4854.831937398461","4854.831937398461"
"236","236","236","236","7587.245936415912","7587.245936415912","7587.245936415912","236","236","236","5135.302274873457","5135.302274873457","5135.302274873457"
"237","237","237","237","7837.827310715942","7837.827310715942","7837.827310715942","237","237","237","4949.240552396999","4949.240552396999","4949.240552396999"
"238","238","238","238","7661.646010112873","7661.646010112873","7661.646010112873","238","238","238","5032.570570199417","5032.570570199417","5032.570570199417"
"239","239","239","239","7932.716424307689","7932.716424307689","7932.716424307689","239","239","239","5155.705270212371","5155.705270212371","5155.705270212371"
"240","240","240","240","7766.901717979885","7766.901717979885","7766.901717979885","240","240","240","5041.298622177614","5041.298622177614","5041.298622177614"
"241","241","241","241","7642.739959440945","7642.739959440945","7642.739959440945","241","241","241","4999.7574929327875","4999.7574929327875","4999.7574929327875"
"242","242","242","242","7472.359389259141","7472.359389259141","7472.359389259141","242","242","242","4902.793458822551","4902.793458822551","4902.793458822551"
"243","243","243","243","8113.847880280909","8113.847880280909","8113.847880280909","243","243","243","4900.897689528722","4900.897689528722","4900.897689528722"
"244","244","244","244","7660.248321458683","7660.248321458683","7660.248321458683","244","244","244","5240.640186780756","5240.640186780756","5240.640186780756"
"245","245","245","245","7727.503142849154","7727.503142849154","7727.503142849154","245","245","245","5096.947268767529","5096.947268767529","5096.947268767529"
"246","246","246","246","7838.3167294213035","7838.3167294213035","7838.3167294213035","246","246","246","5090.158704660274","5090.158704660274","5090.158704660274"
"247","247","247","247","7957.075560190696","7957.075560190696","7957.075560190696","247","247","247","4986.900338567521","4986.900338567521","4986.900338567521"
"248","248","248","248","7569.379479408987","7569.379479408987","7569.379479408987","248","248","248","5016.172887269115","5016.172887269115","5016.172887269115"
"249","249","249","249","7659.358152733861","7659.358152733861","7659.358152733861","249","249","249","5046.994473344464","5046.994473344464","5046.994473344464"
"250","250","250","250","7741.147640923725","7741.147640923725","7741.147640923725","250","250","250","4977.755169722918","4977.755169722918","4977.755169722918"
"251","251","251","251","7813.154829555271","7813.154829555271","7813.154829555271","251","251","251","5019.624075974933","5019.624075974933","5019.624075974933"
"252","252","252","252","7686.0590628859545","7686.0590628859545","7686.0590628859545","252","252","252","4907.158472404171","4907.158472404171","4907.158472404171"
"253","253","253","253","7980.985360325669","7980.985360325669","7980.985360325669","253","253","253","5089.4830552123285","5089.4830552123285","5089.4830552123285"
"254","254","254","254","7678.393517694552","7678.393517694552","7678.393517694552","254","254","254","5125.860864820902","5125.860864820902","5125.860864820902"
"255","255","255","255","7803.632186125336","7803.632186125336","7803.632186125336","255","255","255","5174.6677055801565","5174.6677055801565","5174.6677055801565"
"256","256","256","256","7980.203824819279","7980.203824819279","7980.203824819279","256","256","256","5134.238404894478","5134.238404894478","5134.238404894478"
"257","257","257","257","7685.381809527015","7685.381809527015","7685.381809527015","257","257","257","4774.055449988806","4774.055449988806","4774.055449988806"
"258","258","258","258","7882.162408431892","7882.162408431892","7882.162408431892","258","258","258","5113.52815771419","5113.52815771419","5113.52815771419"
"259","259","259","259","8038.206424755013","8038.206424755013","8038.206424755013","259","259","259","5364.069729004536","5364.069729004536","5364.069729004536"
"260","260","260","260","7781.393956303722","7781.393956303722","7781.393956303722","260","260","260","5110.410050216384","5110.410050216384","5110.410050216384"
"261","261","261","261","7942.142083448455","7942.142083448455","7942.142083448455","261","261","261","5184.584678993492","5184.584678993492","5184.584678993492"
"262","262","262","262","8032.42485521392","8032.42485521392","8032.42485521392","262","262","262","5189.53557361221","5189.53557361221","5189.53557361221"
"263","263","263","263","7665.701002324247","7665.701002324247","7665.701002324247","263","263","263","5284.402580350956","5284.402580350956","5284.402580350956"
"264","264","264","264","7789.256634156496","7789.256634156496","7789.256634156496","264","264","264","5060.524284255285","5060.524284255285","5060.524284255285"
"265","265","265","265","8055.592445956402","8055.592445956402","8055.592445956402","265","265","265","5062.917091911812","5062.917091911812","5062.917091911812"
"266","266","266","266","7956.533533598587","7956.533533598587","7956.533533598587","266","266","266","5070.5864809376935","5070.5864809376935","5070.5864809376935"
"267","267","267","267","7759.895761414462","7759.895761414462","7759.895761414462","267","267","267","5048.230326161009","5048.230326161009","5048.230326161009"
"268","268","268","268","7862.344709868627","7862.344709868627","7862.344709868627","268","268","268","4999.228597101278","4999.228597101278","4999.228597101278"
"269","269","269","269","7965.403975351791","7965.403975351791","7965.403975351791","269","269","269","5193.5858310746535","5193.5858310746535","5193.5858310746535"
"270","270","270","270","7840.412644764326","7840.412644764326","7840.412644764326","270","270","270","5204.770042888047","5204.770042888047","5204.770042888047"
"271","271","271","271","7877.124811664214","7877.124811664214","7877.124811664214","271","271","271","5096.648424060668","5096.648424060668","5096.648424060668"
"272","272","272","272","7735.2094691358925","7735.2094691358925","7735.2094691358925","272","272","272","5197.378607794884","5197.378607794884","5197.378607794884"
"273","273","273","273","7960.0651648126295","7960.0651648126295","7960.0651648126295","273","273","273","5220.254054810913","5220.254054810913","5220.254054810913"
"274","274","274","274","7969.136210700485","7969.136210700485","7969.136210700485","274","274","274","5144.10534502572","5144.10534502572","5144.10534502572"
"275","275","275","275","7920.172738648695","7920.172738648695","7920.172738648695","275","275","275","5153.070712436281","5153.070712436281","5153.070712436281"
"276","276","276","276","8015.874456376432","8015.874456376432","8015.874456376432","276","276","276","5237.411876524433","5237.411876524433","5237.411876524433"
"277","277","277","277","8028.12403317146","8028.12403317146","8028.12403317146","277","277","277","5169.177817420332","5169.177817420332","5169.177817420332"
"278","278","278","278","7894.4626588805495","7894.4626588805495","7894.4626588805495","278","278","278","5173.246905885161","5173.246905885161","5173.246905885161"
"279","279","279","279","8139.952207696481","8139.952207696481","8139.952207696481","279","279","279","5016.894684674074","5016.894684674074","5016.894684674074"
"280","280","280","280","8107.8392150857135","8107.8392150857135","8107.8392150857135","280","280","280","5385.228112140559","5385.228112140559","5385.228112140559"
"281","281","281","281","8064.590537946567","8064.590537946567","8064.590537946567","281","281","281","5254.749398406382","5254.749398406382","5254.749398406382"
"282","282","282","282","7802.914286577044","7802.914286577044","7802.914286577044","282","282","282","5177.880723025975","5177.880723025975","5177.880723025975"
"283","283","283","283","7971.47573117515","7971.47573117515","7971.47573117515","283","283","283","5355.018286955145","5355.018286955145","5355.018286955145"
"284","284","284","284","7924.555218160994","7924.555218160994","7924.555218160994","284","284","284","5303.9615232123915","5303.9615232123915","5303.9615232123915"
"285","285","285","285","7871.118688393023","7871.118688393023","7871.118688393023","285","285","285","5127.918847913006","5127.918847913006","5127.918847913006"
"286","286","286","286","7920.383795944135","7920.383795944135","7920.383795944135","286","286","286","5124.6341372610395","5124.6341372610395","5124.6341372610395"
"287","287","287","287","8043.100210582738","8043.100210582738","8043.100210582738","287","287","287","5456.902465992784","5456.902465992784","5456.902465992784"
"288","288","288","288","7997.07513622253","7997.07513622253","7997.07513622253","288","288","288","5208.60046656357","5208.60046656357","5208.60046656357"
"289","289","289","289","8202.87664547741","8202.87664547741","8202.87664547741","289","289","289","5088.010914331333","5088.010914331333","5088.010914331333"
"290","290","290","290","7965.212425783556","7965.212425783556","7965.212425783556","290","290","290","5439.470265557172","5439.470265557172","5439.470265557172"
"291","291","291","291","8260.753033813418","8260.753033813418","8260.753033813418","291","291","291","5566.398009292754","5566.398009292754","5566.398009292754"
"292","292","292","292","7717.855993035768","7717.855993035768","7717.855993035768","292","292","292","5186.136858053828","5186.136858053828","5186.136858053828"
"293","293","293","293","8014.66124775098","8014.66124775098","8014.66124775098","293","293","293","5482.936483494219","5482.936483494219","5482.936483494219"
"294","294","294","294","7764.948329688856","7764.948329688856","7764.948329688856","294","294","294","5351.245409274756","5351.245409274756","5351.245409274756"
"295","295","295","295","7908.839087188304","7908.839087188304","7908.839087188304","295","295","295","5473.189022788799","5473.189022788799","5473.189022788799"
"296","296","296","296","8062.433823931597","8062.433823931597","8062.433823931597","296","296","296","5153.629603898298","5153.629603898298","5153.629603898298"
"297","297","297","297","7853.123597891758","7853.123597891758","7853.123597891758","297","297","297","5234.317999845784","5234.317999845784","5234.317999845784"
"298","298","298","298","7990.950837585127","7990.950837585127","7990.950837585127","298","298","298","5183.962452547532","5183.962452547532","5183.962452547532"
"299","299","299","299","8002.216991573825","8002.216991573825","8002.216991573825","299","299","299","5552.508886387686","5552.508886387686","5552.508886387686"
"300","300","300","300","7935.938780298973","7935.938780298973","7935.938780298973","300","300","300","5310.592716690114","5310.592716690114","5310.592716690114"
"301","301","301","301","7452.678060826732","7452.678060826732","7452.678060826732","301","301","301","5292.414119275016","5292.414119275016","5292.414119275016"
"302","302","302","302","7931.785576019327","7931.785576019327","7931.785576019327","302","302","302","5307.313170409549","5307.313170409549","5307.313170409549"
"303","303","303","303","8213.341257151142","8213.341257151142","8213.341257151142","303","303","303","5124.7529480072535","5124.7529480072535","5124.7529480072535"
"304","304","304","304","7703.558786272743","7703.558786272743","7703.558786272743","304","304","304","5326.681555617075","5326.681555617075","5326.681555617075"
"305","305","305","305","8005.479534135431","8005.479534135431","8005.479534135431","305","305","305","5401.7081982616455","5401.7081982616455","5401.7081982616455"
"306","306","306","306","8020.924316935745","8020.924316935745","8020.924316935745","306","306","306","5367.316184183335","5367.316184183335","5367.316184183335"
"307","307","307","307","7925.373856454532","7925.373856454532","7925.373856454532","307","307","307","5349.052445270543","5349.052445270543","5349.052445270543"
"308","308","308","308","8014.484668048545","8014.484668048545","8014.484668048545","308","308","308","5080.600905164688","5080.600905164688","5080.600905164688"
"309","309","309","309","8025.3241414134845","8025.3241414134845","8025.3241414134845","309","309","309","5646.348612992671","5646.348612992671","5646.348612992671"
"310","310","310","310","8153.238964365019","8153.238964365019","8153.238964365019","310","310","310","5573.136493232595","5573.136493232595","5573.136493232595"
"311","311","311","311","8230.628182451877","8230.628182451877","8230.628182451877","311","311","311","5377.043966528878","5377.043966528878","5377.043966528878"
"312","312","312","312","8151.084939330285","8151.084939330285","8151.084939330285","312","312","312","5362.88070231965","5362.88070231965","5362.88070231965"
"313","313","313","313","8231.554680446714","8231.554680446714","8231.554680446714","313","313","313","5428.788283995559","5428.788283995559","5428.788283995559"
"314","314","314","314","8171.215104698515","8171.215104698515","8171.215104698515","314","314","314","5427.04456315333","5427.04456315333","5427.04456315333"
"315","315","315","315","7823.784092064033","7823.784092064033","7823.784092064033","315","315","315","5433.965630857127","5433.965630857127","5433.965630857127"
"316","316","316","316","7780.412134586031","7780.412134586031","7780.412134586031","316","316","316","5440.077820910896","5440.077820910896","5440.077820910896"
"317","317","317","317","8005.286481408072","8005.286481408072","8005.286481408072","317","317","317","5257.244607892336","5257.244607892336","5257.244607892336"
"318","318","318","318","8113.050215740278","8113.050215740278","8113.050215740278","318","318","318","5456.8687420226615","5456.8687420226615","5456.8687420226615"
"319","319","319","319","8169.977893910518","8169.977893910518","8169.977893910518","319","319","319","5481.41087797649","5481.41087797649","5481.41087797649"
"320","320","320","320","8185.753128084095","8185.753128084095","8185.753128084095","320","320","320","5300.106604097395","5300.106604097395","5300.106604097395"
"321","321","321","321","8114.1717697746835","8114.1717697746835","8114.1717697746835","321","321","321","5359.501968921388","5359.501968921388","5359.501968921388"
"322","322","322","322","7945.04820749676","7945.04820749676","7945.04820749676","322","322","322","5620.406708297522","5620.406708297522","5620.406708297522"
"323","323","323","323","8032.949999160837","8032.949999160837","8032.949999160837","323","323","323","5335.827290382405","5335.827290382405","5335.827290382405"
"324","324","324","324","7883.940804448042","7883.940804448042","7883.940804448042","324","324","324","5318.303932323424","5318.303932323424","5318.303932323424"
"325","325","325","325","8242.054957929875","8242.054957929875","8242.054957929875","325","325","325","5214.351955967787","5214.351955967787","5214.351955967787"
"326","326","326","326","7808.503486209702","7808.503486209702","7808.503486209702","326","326","326","5529.009187863159","5529.009187863159","5529.009187863159"
"327","327","327","327","7973.1343313443385","7973.1343313443385","7973.1343313443385","327","327","327","5508.199032975141","5508.199032975141","5508.199032975141"
"328","328","328","328","8137.286027855904","8137.286027855904","8137.286027855904","328","328","328","5309.183404863334","5309.183404863334","5309.183404863334"
"329","329","329","329","7910.7767844884775","7910.7767844884775","7910.7767844884775","329","329","329","5363.563570632407","5363.563570632407","5363.563570632407"
"330","330","330","330","8026.657016067067","8026.657016067067","8026.657016067067","330","330","330","5589.4402496399725","5589.4402496399725","5589.4402496399725"
"331","331","331","331","7857.926382592191","7857.926382592191","7857.926382592191","331","331","331","5609.113483942557","5609.113483942557","5609.113483942557"
"332","332","332","332","8309.594044647003","8309.594044647003","8309.594044647003","332","332","332","5474.472301163349","5474.472301163349","5474.472301163349"
"333","333","333","333","8039.896825257614","8039.896825257614","8039.896825257614","333","333","333","5326.033068583781","5326.033068583781","5326.033068583781"
"334","334","334","334","8024.828416547059","8024.828416547059","8024.828416547059","334","334","334","5472.793963006397","5472.793963006397","5472.793963006397"
"335","335","335","335","8302.142873883815","8302.142873883815","8302.142873883815","335","335","335","5599.298057256415","5599.298057256415","5599.298057256415"
"336","336","336","336","8566.753976595828","8566.753976595828","8566.753976595828","336","336","336","5523.099142988631","5523.099142988631","5523.099142988631"
"337","337","337","337","7750.196024234948","7750.196024234948","7750.196024234948","337","337","337","5618.866967294724","5618.866967294724","5618.866967294724"
"338","338","338","338","8340.588070045847","8340.588070045847","8340.588070045847","338","338","338","5413.347743894011","5413.347743894011","5413.347743894011"
"339","339","339","339","8281.273426566442","8281.273426566442","8281.273426566442","339","339","339","5526.076137996475","5526.076137996475","5526.076137996475"
"340","340","340","340","7875.694902382454","7875.694902382454","7875.694902382454","340","340","340","5453.660566823199","5453.660566823199","5453.660566823199"
"341","341","341","341","7911.7827190150765","7911.7827190150765","7911.7827190150765","341","341","341","5294.66045591719","5294.66045591719","5294.66045591719"
"342","342","342","342","8120.158498832604","8120.158498832604","8120.158498832604","342","342","342","5422.502739557035","5422.502739557035","5422.502739557035"
"343","343","343","343","8352.858320324745","8352.858320324745","8352.858320324745","343","343","343","5551.780263793502","5551.780263793502","5551.780263793502"
"344","344","344","344","8213.632042773475","8213.632042773475","8213.632042773475","344","344","344","5347.015083184313","5347.015083184313","5347.015083184313"
"345","345","345","345","8344.840193320353","8344.840193320353","8344.840193320353","345","345","345","5682.812571716238","5682.812571716238","5682.812571716238"
"346","346","346","346","8170.370137241405","8170.370137241405","8170.370137241405","346","346","346","5690.746441811844","5690.746441811844","5690.746441811844"
"347","347","347","347","7885.338263883081","7885.338263883081","7885.338263883081","347","347","347","5627.8281690040185","5627.8281690040185","5627.8281690040185"
"348","348","348","348","8039.272414476599","8039.272414476599","8039.272414476599","348","348","348","5502.087554480239","5502.087554480239","5502.087554480239"
"349","349","349","349","8016.434795657141","8016.434795657141","8016.434795657141","349","349","349","5670.062687934718","5670.062687934718","5670.062687934718"
"350","350","350","350","7981.7961204341755","7981.7961204341755","7981.7961204341755","350","350","350","5400.841883947237","5400.841883947237","5400.841883947237"
"351","351","351","351","7799.494310062066","7799.494310062066","7799.494310062066","351","351","351","5573.634478523029","5573.634478523029","5573.634478523029"
"352","352","352","352","8211.38619720441","8211.38619720441","8211.38619720441","352","352","352","5501.528845616211","5501.528845616211","5501.528845616211"
"353","353","353","353","7916.33962243638","7916.33962243638","7916.33962243638","353","353","353","5643.080046284827","5643.080046284827","5643.080046284827"
"354","354","354","354","8139.318199306322","8139.318199306322","8139.318199306322","354","354","354","5586.890698223367","5586.890698223367","5586.890698223367"
"355","355","355","355","8418.574163066458","8418.574163066458","8418.574163066458","355","355","355","5471.958927789822","5471.958927789822","5471.958927789822"
"356","356","356","356","8270.392472496722","8270.392472496722","8270.392472496722","356","356","356","5428.166456046342","5428.166456046342","5428.166456046342"
"357","357","357","357","8019.203652172308","8019.203652172308","8019.203652172308","357","357","357","5424.506692423711","5424.506692423711","5424.506692423711"
"358","358","358","358","8087.483867965007","8087.483867965007","8087.483867965007","358","358","358","5590.978850061052","5590.978850061052","5590.978850061052"
"359","359","359","359","8102.410850276659","8102.410850276659","8102.410850276659","359","359","359","5720.931108510645","5720.931108510645","5720.931108510645"
"360","360","360","360","8278.000641323822","8278.000641323822","8278.000641323822","360","360","360","5671.097912013553","5671.097912013553","5671.097912013553"
"361","361","361","361","8147.245816449249","8147.245816449249","8147.245816449249","361","361","361","5768.987287147853","5768.987287147853","5768.987287147853"
"362","362","362","362","7953.611729858521","7953.611729858521","7953.611729858521","362","362","362","5331.759216805556","5331.759216805556","5331.759216805556"
"363","363","363","363","8191.302345986225","8191.302345986225","8191.302345986225","363","363","363","5700.396578472728","5700.396578472728","5700.396578472728"
"364","364","364","364","8117.213525810372","8117.213525810372","8117.213525810372","364","364","364","5727.251263070309","5727.251263070309","5727.251263070309"
"365","365","365","365","7912.702624383861","7912.702624383861","7912.702624383861","365","365","365","5681.257838282053","5681.257838282053","5681.257838282053"
"366","366","366","366","8006.965223277208","8006.965223277208","8006.965223277208","366","366","366","5880.276037044807","5880.276037044807","5880.276037044807"
"367","367","367","367","7997.881265220551","7997.881265220551","7997.881265220551","367","367","367","5771.86701712785","5771.86701712785","5771.86701712785"
"368","368","368","368","8345.010489800106","8345.010489800106","8345.010489800106","368","368","368","5540.123611252822","5540.123611252822","5540.123611252822"
"369","369","369","369","7855.316239467177","7855.316239467177","7855.316239467177","369","369","369","5828.499087753922","5828.499087753922","5828.499087753922"
"370","370","370","370","8243.888133240242","8243.888133240242","8243.888133240242","370","370","370","5478.921735817291","5478.921735817291","5478.921735817291"
"371","371","371","371","8411.985622596936","8411.985622596936","8411.985622596936","371","371","371","5525.220135097642","5525.220135097642","5525.220135097642"
"372","372","372","372","8078.728371920444","8078.728371920444","8078.728371920444","372","372","372","5769.197268260925","5769.197268260925","5769.197268260925"
"373","373","373","373","8371.344784506942","8371.344784506942","8371.344784506942","373","373","373","5809.15138191882","5809.15138191882","5809.15138191882"
"374","374","374","374","8250.255074804669","8250.255074804669","8250.255074804669","374","374","374","5789.943841663898","5789.943841663898","5789.943841663898"
"375","375","375","375","8061.696448504484","8061.696448504484","8061.696448504484","375","375","375","5501.007513456987","5501.007513456987","5501.007513456987"
"376","376","376","376","8068.628707655941","8068.628707655941","8068.628707655941","376","376","376","5442.617069130509","5442.617069130509","5442.617069130509"
"377","377","377","377","8104.798164763284","8104.798164763284","8104.798164763284","377","377","377","5612.858061331621","5612.858061331621","5612.858061331621"
"378","378","378","378","8142.162784707182","8142.162784707182","8142.162784707182","378","378","378","5919.047108054927","5919.047108054927","5919.047108054927"
"379","379","379","379","8406.576735986919","8406.576735986919","8406.576735986919","379","379","379","5700.884828496385","5700.884828496385","5700.884828496385"
"380","380","380","380","8210.383922898198","8210.383922898198","8210.383922898198","380","380","380","5467.2803270597815","5467.2803270597815","5467.2803270597815"
"381","381","381","381","8114.412538042478","8114.412538042478","8114.412538042478","381","381","381","5617.697210891552","5617.697210891552","5617.697210891552"
"382","382","382","382","8054.046003079093","8054.046003079093","8054.046003079093","382","382","382","5793.98913407734","5793.98913407734","5793.98913407734"
"383","383","383","383","8033.776660572221","8033.776660572221","8033.776660572221","383","383","383","5618.09634331812","5618.09634331812","5618.09634331812"
"384","384","384","384","7891.441365056955","7891.441365056955","7891.441365056955","384","384","384","5555.790566545946","5555.790566545946","5555.790566545946"
"385","385","385","385","8221.665054305437","8221.665054305437","8221.665054305437","385","385","385","5882.052164848232","5882.052164848232","5882.052164848232"
"386","386","386","386","8145.775614535536","8145.775614535536","8145.775614535536","386","386","386","5787.413451155732","5787.413451155732","5787.413451155732"
"387","387","387","387","7919.248239906714","7919.248239906714","7919.248239906714","387","387","387","5974.940180103777","5974.940180103777","5974.940180103777"
"388","388","388","388","8225.045333202515","8225.045333202515","8225.045333202515","388","388","388","5747.342459093423","5747.342459093423","5747.342459093423"
"389","389","389","389","8288.501567744675","8288.501567744675","8288.501567744675","389","389","389","5974.296785159093","5974.296785159093","5974.296785159093"
"390","390","390","390","8093.277797369092","8093.277797369092","8093.277797369092","390","390","390","5788.168263621355","5788.168263621355","5788.168263621355"
"391","391","391","391","8248.241321399213","8248.241321399213","8248.241321399213","391","391","391","5785.274818295162","5785.274818295162","5785.274818295162"
"392","392","392","392","8180.866563590462","8180.866563590462","8180.866563590462","392","392","392","6018.227256509116","6018.227256509116","6018.227256509116"
"393","393","393","393","8123.847248600288","8123.847248600288","8123.847248600288","393","393","393","5943.530878079131","5943.530878079131","5943.530878079131"
"394","394","394","394","8038.822728679782","8038.822728679782","8038.822728679782","394","394","394","5778.275602036312","5778.275602036312","5778.275602036312"
"395","395","395","395","7998.990639591515","7998.990639591515","7998.990639591515","395","395","395","5992.358838996127","5992.358838996127","5992.358838996127"
"396","396","396","396","8370.28076387013","8370.28076387013","8370.28076387013","396","396","396","5575.600447838015","5575.600447838015","5575.600447838015"
"397","397","397","397","8056.808146797468","8056.808146797468","8056.808146797468","397","397","397","5843.8454701609235","5843.8454701609235","5843.8454701609235"
"398","398","398","398","8168.524614787643","8168.524614787643","8168.524614787643","398","398","398","5924.592755993966","5924.592755993966","5924.592755993966"
"399","399","399","399","8222.203050914812","8222.203050914812","8222.203050914812","399","399","399","5804.658246781355","5804.658246781355","5804.658246781355"
"400","400","400","400","8169.219298570558","8169.219298570558","8169.219298570558","400","400","400","5820.50300628655","5820.50300628655","5820.50300628655"
"401","401","401","401","8111.476589668293","8111.476589668293","8111.476589668293","401","401","401","5798.720141687161","5798.720141687161","5798.720141687161"
"402","402","402","402","8060.785196309114","8060.785196309114","8060.785196309114","402","402","402","6060.488520240961","6060.488520240961","6060.488520240961"
"403","403","403","403","8115.355489710836","8115.355489710836","8115.355489710836","403","403","403","5755.008040037684","5755.008040037684","5755.008040037684"
"404","404","404","404","8252.621567114295","8252.621567114295","8252.621567114295","404","404","404","5610.496435547231","5610.496435547231","5610.496435547231"
"405","405","405","405","8152.126646099688","8152.126646099688","8152.126646099688","405","405","405","5834.889780446857","5834.889780446857","5834.889780446857"
"406","406","406","406","7866.629961283504","7866.629961283504","7866.629961283504","406","406","406","5910.701940307621","5910.701940307621","5910.701940307621"
"407","407","407","407","8018.0325777861","8018.0325777861","8018.0325777861","407","407","407","5744.507698554384","5744.507698554384","5744.507698554384"
"408","408","408","408","8080.525189924781","8080.525189924781","8080.525189924781","408","408","408","5913.718347399989","5913.718347399989","5913.718347399989"
"409","409","409","409","8139.795801849779","8139.795801849779","8139.795801849779","409","409","409","5795.787225250375","5795.787225250375","5795.787225250375"
"410","410","410","410","8246.867187202879","8246.867187202879","8246.867187202879","410","410","410","5978.506793411221","5978.506793411221","5978.506793411221"
"411","411","411","411","8271.199208136075","8271.199208136075","8271.199208136075","411","411","411","5874.579706010918","5874.579706010918","5874.579706010918"
"412","412","412","412","8265.871423901237","8265.871423901237","8265.871423901237","412","412","412","5971.188654789923","5971.188654789923","5971.188654789923"
"413","413","413","413","8266.835895269693","8266.835895269693","8266.835895269693","413","413","413","5862.255220810334","5862.255220810334","5862.255220810334"
"414","414","414","414","8230.270111950094","8230.270111950094","8230.270111950094","414","414","414","5790.575834254312","5790.575834254312","5790.575834254312"
"415","415","415","415","8063.171394315565","8063.171394315565","8063.171394315565","415","415","415","5779.566342937776","5779.566342937776","5779.566342937776"
"416","416","416","416","8367.218246810622","8367.218246810622","8367.218246810622","416","416","416","5988.500331290453","5988.500331290453","5988.500331290453"
"417","417","417","417","8322.675537826717","8322.675537826717","8322.675537826717","417","417","417","6117.015852995055","6117.015852995055","6117.015852995055"
"418","418","418","418","8342.14406695213","8342.14406695213","8342.14406695213","418","418","418","6051.914777047439","6051.914777047439","6051.914777047439"
"419","419","419","419","7848.708620190462","7848.708620190462","7848.708620190462","419","419","419","6122.710016690061","6122.710016690061","6122.710016690061"
"420","420","420","420","8003.909584142311","8003.909584142311","8003.909584142311","420","420","420","5842.215191963586","5842.215191963586","5842.215191963586"
"421","421","421","421","8482.631823657248","8482.631823657248","8482.631823657248","421","421","421","6087.029761876593","6087.029761876593","6087.029761876593"
"422","422","422","422","8115.563344837146","8115.563344837146","8115.563344837146","422","422","422","5799.354233526925","5799.354233526925","5799.354233526925"
"423","423","423","423","8281.714571057946","8281.714571057946","8281.714571057946","423","423","423","5915.188908539805","5915.188908539805","5915.188908539805"
"424","424","424","424","8346.55551424187","8346.55551424187","8346.55551424187","424","424","424","5863.182985183781","5863.182985183781","5863.182985183781"
"425","425","425","425","8260.609359737902","8260.609359737902","8260.609359737902","425","425","425","5922.676573675917","5922.676573675917","5922.676573675917"
"426","426","426","426","8163.183256871719","8163.183256871719","8163.183256871719","426","426","426","5875.468585562194","5875.468585562194","5875.468585562194"
"427","427","427","427","8121.477678023504","8121.477678023504","8121.477678023504","427","427","427","5838.3727653697815","5838.3727653697815","5838.3727653697815"
"428","428","428","428","8051.71081679473","8051.71081679473","8051.71081679473","428","428","428","6028.797388802392","6028.797388802392","6028.797388802392"
"429","429","429","429","8035.116269322374","8035.116269322374","8035.116269322374","429","429","429","6023.579264056774","6023.579264056774","6023.579264056774"
"430","430","430","430","7963.313772687825","7963.313772687825","7963.313772687825","430","430","430","6018.679286246615","6018.679286246615","6018.679286246615"
"431","431","431","431","8246.787585144008","8246.787585144008","8246.787585144008","431","431","431","5884.817225449745","5884.817225449745","5884.817225449745"
"432","432","432","432","8050.632900805863","8050.632900805863","8050.632900805863","432","432","432","5944.206343770313","5944.206343770313","5944.206343770313"
"433","433","433","433","8083.288179330348","8083.288179330348","8083.288179330348","433","433","433","5874.719980360814","5874.719980360814","5874.719980360814"
"434","434","434","434","8066.73862413152","8066.73862413152","8066.73862413152","434","434","434","5735.122425419412","5735.122425419412","5735.122425419412"
"435","435","435","435","8103.493256609164","8103.493256609164","8103.493256609164","435","435","435","5780.451769745328","5780.451769745328","5780.451769745328"
"436","436","436","436","8431.778056721825","8431.778056721825","8431.778056721825","436","436","436","5814.412247376263","5814.412247376263","5814.412247376263"
"437","437","437","437","8339.013280933545","8339.013280933545","8339.013280933545","437","437","437","6104.631802831775","6104.631802831775","6104.631802831775"
"438","438","438","438","8415.59864841068","8415.59864841068","8415.59864841068","438","438","438","5923.105223807823","5923.105223807823","5923.105223807823"
"439","439","439","439","8127.686636204393","8127.686636204393","8127.686636204393","439","439","439","6251.436799638569","6251.436799638569","6251.436799638569"
"440","440","440","440","8207.698560240422","8207.698560240422","8207.698560240422","440","440","440","5946.036328123798","5946.036328123798","5946.036328123798"
"441","441","441","441","8341.111893392575","8341.111893392575","8341.111893392575","441","441","441","6090.765760855977","6090.765760855977","6090.765760855977"
"442","442","442","442","8031.083276336346","8031.083276336346","8031.083276336346","442","442","442","5890.084817981542","5890.084817981542","5890.084817981542"
"443","443","443","443","8089.801014876262","8089.801014876262","8089.801014876262","443","443","443","5860.889766667092","5860.889766667092","5860.889766667092"
"444","444","444","444","8243.314412814841","8243.314412814841","8243.314412814841","444","444","444","5903.220142848548","5903.220142848548","5903.220142848548"
"445","445","445","445","8328.06336923409","8328.06336923409","8328.06336923409","445","445","445","6090.200900755626","6090.200900755626","6090.200900755626"
"446","446","446","446","8358.044701760307","8358.044701760307","8358.044701760307","446","446","446","5929.319673251519","5929.319673251519","5929.319673251519"
"447","447","447","447","8353.26513005538","8353.26513005538","8353.26513005538","447","447","447","6140.281856300289","6140.281856300289","6140.281856300289"
"448","448","448","448","8307.68886193662","8307.68886193662","8307.68886193662","448","448","448","5890.885258836169","5890.885258836169","5890.885258836169"
"449","449","449","449","8529.433139381643","8529.433139381643","8529.433139381643","449","449","449","5884.833521545717","5884.833521545717","5884.833521545717"
"450","450","450","450","8207.595769118303","8207.595769118303","8207.595769118303","450","450","450","5943.138679772164","5943.138679772164","5943.138679772164"
"451","451","451","451","8410.46110636199","8410.46110636199","8410.46110636199","451","451","451","6014.926177485928","6014.926177485928","6014.926177485928"
"452","452","452","452","8444.51920915388","8444.51920915388","8444.51920915388","452","452","452","5993.909114344895","5993.909114344895","5993.909114344895"
"453","453","453","453","8233.517564996782","8233.517564996782","8233.517564996782","453","453","453","5943.328967507494","5943.328967507494","5943.328967507494"
"454","454","454","454","8064.133549090754","8064.133549090754","8064.133549090754","454","454","454","6070.818605749645","6070.818605749645","6070.818605749645"
"455","455","455","455","8193.650171697283","8193.650171697283","8193.650171697283","455","455","455","5936.598682885","5936.598682885","5936.598682885"
"456","456","456","456","8075.444300890599","8075.444300890599","8075.444300890599","456","456","456","6205.23584873669","6205.23584873669","6205.23584873669"
"457","457","457","457","8174.221580779309","8174.221580779309","8174.221580779309","457","457","457","5864.499744448396","5864.499744448396","5864.499744448396"
"458","458","458","458","8140.906160734424","8140.906160734424","8140.906160734424","458","458","458","6030.045098394084","6030.045098394084","6030.045098394084"
"459","459","459","459","8177.047295910199","8177.047295910199","8177.047295910199","459","459","459","6161.49379918112","6161.49379918112","6161.49379918112"
"460","460","460","460","8142.452381339518","8142.452381339518","8142.452381339518","460","460","460","6102.563724176364","6102.563724176364","6102.563724176364"
"461","461","461","461","8356.189905339825","8356.189905339825","8356.189905339825","461","461","461","6140.927553005544","6140.927553005544","6140.927553005544"
"462","462","462","462","7970.588695914083","7970.588695914083","7970.588695914083","462","462","462","5879.9587194055475","5879.9587194055475","5879.9587194055475"
"463","463","463","463","8395.985711059631","8395.985711059631","8395.985711059631","463","463","463","5899.774163224661","5899.774163224661","5899.774163224661"
"464","464","464","464","8105.823174333555","8105.823174333555","8105.823174333555","464","464","464","6013.036206597104","6013.036206597104","6013.036206597104"
"465","465","465","465","8100.799748823831","8100.799748823831","8100.799748823831","465","465","465","5835.170525583766","5835.170525583766","5835.170525583766"
"466","466","466","466","8285.543095416435","8285.543095416435","8285.543095416435","466","466","466","5961.856748246675","5961.856748246675","5961.856748246675"
"467","467","467","467","8487.921651718301","8487.921651718301","8487.921651718301","467","467","467","6109.910610105357","6109.910610105357","6109.910610105357"
"468","468","468","468","8396.33912027446","8396.33912027446","8396.33912027446","468","468","468","5807.178929904914","5807.178929904914","5807.178929904914"
"469","469","469","469","8358.310962121792","8358.310962121792","8358.310962121792","469","469","469","6102.351674084275","6102.351674084275","6102.351674084275"
"470","470","470","470","8244.736448917465","8244.736448917465","8244.736448917465","470","470","470","6051.959223289924","6051.959223289924","6051.959223289924"
"471","471","471","471","8402.083876419856","8402.083876419856","8402.083876419856","471","471","471","6199.931664722431","6199.931664722431","6199.931664722431"
"472","472","472","472","8427.991956945285","8427.991956945285","8427.991956945285","472","472","472","5956.589375919239","5956.589375919239","5956.589375919239"
"473","473","473","473","8147.347263271193","8147.347263271193","8147.347263271193","473","473","473","5846.8362239454855","5846.8362239454855","5846.8362239454855"
"474","474","474","474","8248.53440403621","8248.53440403621","8248.53440403621","474","474","474","5841.956920184919","5841.956920184919","5841.956920184919"
"475","475","475","475","8356.22136757791","8356.22136757791","8356.22136757791","475","475","475","6048.382570044336","6048.382570044336","6048.382570044336"
"476","476","476","476","8531.218169632548","8531.218169632548","8531.218169632548","476","476","476","6146.826314601566","6146.826314601566","6146.826314601566"
"477","477","477","477","8526.880946810434","8526.880946810434","8526.880946810434","477","477","477","5722.519136824807","5722.519136824807","5722.519136824807"
"478","478","478","478","8422.697534339368","8422.697534339368","8422.697534339368","478","478","478","6096.784931281703","6096.784931281703","6096.784931281703"
"479","479","479","479","8398.38987135484","8398.38987135484","8398.38987135484","479","479","479","6105.785744596424","6105.785744596424","6105.785744596424"
"480","480","480","480","8249.455020850808","8249.455020850808","8249.455020850808","480","480","480","6231.5205148549285","6231.5205148549285","6231.5205148549285"
"481","481","481","481","8322.80441076316","8322.80441076316","8322.80441076316","481","481","481","6012.73636514873","6012.73636514873","6012.73636514873"
"482","482","482","482","8412.90195744419","8412.90195744419","8412.90195744419","482","482","482","6111.5428699021795","6111.5428699021795","6111.5428699021795"
"483","483","483","483","8331.27812784374","8331.27812784374","8331.27812784374","483","483","483","6317.842653393638","6317.842653393638","6317.842653393638"
"484","484","484","484","8004.277163305295","8004.277163305295","8004.277163305295","484","484","484","6128.743354182001","6128.743354182001","6128.743354182001"
"485","485","485","485","8272.575408727687","8272.575408727687","8272.575408727687","485","485","485","6090.347573838512","6090.347573838512","6090.347573838512"
"486","486","486","486","8310.831982959298","8310.831982959298","8310.831982959298","486","486","486","6061.164084564913","6061.164084564913","6061.164084564913"
"487","487","487","487","8448.070080816744","8448.070080816744","8448.070080816744","487","487","487","6031.814372037942","6031.814372037942","6031.814372037942"
"488","488","488","488","8391.298903311212","8391.298903311212","8391.298903311212","488","488","488","5807.09120081547","5807.09120081547","5807.09120081547"
"489","489","489","489","8432.270267844455","8432.270267844455","8432.270267844455","489","489","489","5910.848608341385","5910.848608341385","5910.848608341385"
"490","490","490","490","8226.883024149234","8226.883024149234","8226.883024149234","490","490","490","6100.339782432562","6100.339782432562","6100.339782432562"
"491","491","491","491","8500.987120931333","8500.987120931333","8500.987120931333","491","491","491","5830.667065459689","5830.667065459689","5830.667065459689"
"492","492","492","492","8280.623087411534","8280.623087411534","8280.623087411534","492","492","492","6043.8857250991805","6043.8857250991805","6043.8857250991805"
"493","493","493","493","8476.165144819011","8476.165144819011","8476.165144819011","493","493","493","5724.307609951358","5724.307609951358","5724.307609951358"
"494","494","494","494","8386.356901246105","8386.356901246105","8386.356901246105","494","494","494","6073.175830889129","6073.175830889129","6073.175830889129"
"495","495","495","495","8241.778835744602","8241.778835744602","8241.778835744602","495","495","495","6227.928954658072","6227.928954658072","6227.928954658072"
"496","496","496","496","8038.829035746137","8038.829035746137","8038.829035746137","496","496","496","6048.2573461189895","6048.2573461189895","6048.2573461189895"
"497","497","497","497","8245.367116859119","8245.367116859119","8245.367116859119","497","497","497","6014.843739950855","6014.843739950855","6014.843739950855"
"498","498","498","498","8286.230141998454","8286.230141998454","8286.230141998454","498","498","498","6198.286822896241","6198.286822896241","6198.286822896241"
"499","499","499","499","8181.6774504733285","8181.6774504733285","8181.6774504733285","499","499","499","6063.036382613464","6063.036382613464","6063.036382613464"